"DATE","nconhh09Q3","nconhh09Q4","nconhh10Q1","nconhh10Q2","nconhh10Q3","nconhh10Q4","nconhh11Q1","nconhh11Q2","nconhh11Q3","nconhh11Q4","nconhh12Q1","nconhh12Q2","nconhh12Q3","nconhh12Q4","nconhh13Q1","nconhh13Q2","nconhh13Q3","nconhh13Q4","nconhh14Q1","nconhh14Q2","nconhh14Q3","nconhh14Q4","nconhh15Q1","nconhh15Q2"
"1947:Q1","#N/A","#N/A","#N/A","#N/A","#N/A","#N/A","#N/A","#N/A","#N/A","#N/A","#N/A","#N/A","#N/A","#N/A","#N/A","#N/A","#N/A","#N/A","#N/A","#N/A","#N/A","#N/A","#N/A","#N/A"
"1947:Q2","#N/A","#N/A","#N/A","#N/A","#N/A","#N/A","#N/A","#N/A","#N/A","#N/A","#N/A","#N/A","#N/A","#N/A","#N/A","#N/A","#N/A","#N/A","#N/A","#N/A","#N/A","#N/A","#N/A","#N/A"
"1947:Q3","#N/A","#N/A","#N/A","#N/A","#N/A","#N/A","#N/A","#N/A","#N/A","#N/A","#N/A","#N/A","#N/A","#N/A","#N/A","#N/A","#N/A","#N/A","#N/A","#N/A","#N/A","#N/A","#N/A","#N/A"
"1947:Q4","#N/A","#N/A","#N/A","#N/A","#N/A","#N/A","#N/A","#N/A","#N/A","#N/A","#N/A","#N/A","#N/A","#N/A","#N/A","#N/A","#N/A","#N/A","#N/A","#N/A","#N/A","#N/A","#N/A","#N/A"
"1948:Q1","#N/A","#N/A","#N/A","#N/A","#N/A","#N/A","#N/A","#N/A","#N/A","#N/A","#N/A","#N/A","#N/A","#N/A","#N/A","#N/A","#N/A","#N/A","#N/A","#N/A","#N/A","#N/A","#N/A","#N/A"
"1948:Q2","#N/A","#N/A","#N/A","#N/A","#N/A","#N/A","#N/A","#N/A","#N/A","#N/A","#N/A","#N/A","#N/A","#N/A","#N/A","#N/A","#N/A","#N/A","#N/A","#N/A","#N/A","#N/A","#N/A","#N/A"
"1948:Q3","#N/A","#N/A","#N/A","#N/A","#N/A","#N/A","#N/A","#N/A","#N/A","#N/A","#N/A","#N/A","#N/A","#N/A","#N/A","#N/A","#N/A","#N/A","#N/A","#N/A","#N/A","#N/A","#N/A","#N/A"
"1948:Q4","#N/A","#N/A","#N/A","#N/A","#N/A","#N/A","#N/A","#N/A","#N/A","#N/A","#N/A","#N/A","#N/A","#N/A","#N/A","#N/A","#N/A","#N/A","#N/A","#N/A","#N/A","#N/A","#N/A","#N/A"
"1949:Q1","#N/A","#N/A","#N/A","#N/A","#N/A","#N/A","#N/A","#N/A","#N/A","#N/A","#N/A","#N/A","#N/A","#N/A","#N/A","#N/A","#N/A","#N/A","#N/A","#N/A","#N/A","#N/A","#N/A","#N/A"
"1949:Q2","#N/A","#N/A","#N/A","#N/A","#N/A","#N/A","#N/A","#N/A","#N/A","#N/A","#N/A","#N/A","#N/A","#N/A","#N/A","#N/A","#N/A","#N/A","#N/A","#N/A","#N/A","#N/A","#N/A","#N/A"
"1949:Q3","#N/A","#N/A","#N/A","#N/A","#N/A","#N/A","#N/A","#N/A","#N/A","#N/A","#N/A","#N/A","#N/A","#N/A","#N/A","#N/A","#N/A","#N/A","#N/A","#N/A","#N/A","#N/A","#N/A","#N/A"
"1949:Q4","#N/A","#N/A","#N/A","#N/A","#N/A","#N/A","#N/A","#N/A","#N/A","#N/A","#N/A","#N/A","#N/A","#N/A","#N/A","#N/A","#N/A","#N/A","#N/A","#N/A","#N/A","#N/A","#N/A","#N/A"
"1950:Q1","#N/A","#N/A","#N/A","#N/A","#N/A","#N/A","#N/A","#N/A","#N/A","#N/A","#N/A","#N/A","#N/A","#N/A","#N/A","#N/A","#N/A","#N/A","#N/A","#N/A","#N/A","#N/A","#N/A","#N/A"
"1950:Q2","#N/A","#N/A","#N/A","#N/A","#N/A","#N/A","#N/A","#N/A","#N/A","#N/A","#N/A","#N/A","#N/A","#N/A","#N/A","#N/A","#N/A","#N/A","#N/A","#N/A","#N/A","#N/A","#N/A","#N/A"
"1950:Q3","#N/A","#N/A","#N/A","#N/A","#N/A","#N/A","#N/A","#N/A","#N/A","#N/A","#N/A","#N/A","#N/A","#N/A","#N/A","#N/A","#N/A","#N/A","#N/A","#N/A","#N/A","#N/A","#N/A","#N/A"
"1950:Q4","#N/A","#N/A","#N/A","#N/A","#N/A","#N/A","#N/A","#N/A","#N/A","#N/A","#N/A","#N/A","#N/A","#N/A","#N/A","#N/A","#N/A","#N/A","#N/A","#N/A","#N/A","#N/A","#N/A","#N/A"
"1951:Q1","#N/A","#N/A","#N/A","#N/A","#N/A","#N/A","#N/A","#N/A","#N/A","#N/A","#N/A","#N/A","#N/A","#N/A","#N/A","#N/A","#N/A","#N/A","#N/A","#N/A","#N/A","#N/A","#N/A","#N/A"
"1951:Q2","#N/A","#N/A","#N/A","#N/A","#N/A","#N/A","#N/A","#N/A","#N/A","#N/A","#N/A","#N/A","#N/A","#N/A","#N/A","#N/A","#N/A","#N/A","#N/A","#N/A","#N/A","#N/A","#N/A","#N/A"
"1951:Q3","#N/A","#N/A","#N/A","#N/A","#N/A","#N/A","#N/A","#N/A","#N/A","#N/A","#N/A","#N/A","#N/A","#N/A","#N/A","#N/A","#N/A","#N/A","#N/A","#N/A","#N/A","#N/A","#N/A","#N/A"
"1951:Q4","#N/A","#N/A","#N/A","#N/A","#N/A","#N/A","#N/A","#N/A","#N/A","#N/A","#N/A","#N/A","#N/A","#N/A","#N/A","#N/A","#N/A","#N/A","#N/A","#N/A","#N/A","#N/A","#N/A","#N/A"
"1952:Q1","#N/A","#N/A","#N/A","#N/A","#N/A","#N/A","#N/A","#N/A","#N/A","#N/A","#N/A","#N/A","#N/A","#N/A","#N/A","#N/A","#N/A","#N/A","#N/A","#N/A","#N/A","#N/A","#N/A","#N/A"
"1952:Q2","#N/A","#N/A","#N/A","#N/A","#N/A","#N/A","#N/A","#N/A","#N/A","#N/A","#N/A","#N/A","#N/A","#N/A","#N/A","#N/A","#N/A","#N/A","#N/A","#N/A","#N/A","#N/A","#N/A","#N/A"
"1952:Q3","#N/A","#N/A","#N/A","#N/A","#N/A","#N/A","#N/A","#N/A","#N/A","#N/A","#N/A","#N/A","#N/A","#N/A","#N/A","#N/A","#N/A","#N/A","#N/A","#N/A","#N/A","#N/A","#N/A","#N/A"
"1952:Q4","#N/A","#N/A","#N/A","#N/A","#N/A","#N/A","#N/A","#N/A","#N/A","#N/A","#N/A","#N/A","#N/A","#N/A","#N/A","#N/A","#N/A","#N/A","#N/A","#N/A","#N/A","#N/A","#N/A","#N/A"
"1953:Q1","#N/A","#N/A","#N/A","#N/A","#N/A","#N/A","#N/A","#N/A","#N/A","#N/A","#N/A","#N/A","#N/A","#N/A","#N/A","#N/A","#N/A","#N/A","#N/A","#N/A","#N/A","#N/A","#N/A","#N/A"
"1953:Q2","#N/A","#N/A","#N/A","#N/A","#N/A","#N/A","#N/A","#N/A","#N/A","#N/A","#N/A","#N/A","#N/A","#N/A","#N/A","#N/A","#N/A","#N/A","#N/A","#N/A","#N/A","#N/A","#N/A","#N/A"
"1953:Q3","#N/A","#N/A","#N/A","#N/A","#N/A","#N/A","#N/A","#N/A","#N/A","#N/A","#N/A","#N/A","#N/A","#N/A","#N/A","#N/A","#N/A","#N/A","#N/A","#N/A","#N/A","#N/A","#N/A","#N/A"
"1953:Q4","#N/A","#N/A","#N/A","#N/A","#N/A","#N/A","#N/A","#N/A","#N/A","#N/A","#N/A","#N/A","#N/A","#N/A","#N/A","#N/A","#N/A","#N/A","#N/A","#N/A","#N/A","#N/A","#N/A","#N/A"
"1954:Q1","#N/A","#N/A","#N/A","#N/A","#N/A","#N/A","#N/A","#N/A","#N/A","#N/A","#N/A","#N/A","#N/A","#N/A","#N/A","#N/A","#N/A","#N/A","#N/A","#N/A","#N/A","#N/A","#N/A","#N/A"
"1954:Q2","#N/A","#N/A","#N/A","#N/A","#N/A","#N/A","#N/A","#N/A","#N/A","#N/A","#N/A","#N/A","#N/A","#N/A","#N/A","#N/A","#N/A","#N/A","#N/A","#N/A","#N/A","#N/A","#N/A","#N/A"
"1954:Q3","#N/A","#N/A","#N/A","#N/A","#N/A","#N/A","#N/A","#N/A","#N/A","#N/A","#N/A","#N/A","#N/A","#N/A","#N/A","#N/A","#N/A","#N/A","#N/A","#N/A","#N/A","#N/A","#N/A","#N/A"
"1954:Q4","#N/A","#N/A","#N/A","#N/A","#N/A","#N/A","#N/A","#N/A","#N/A","#N/A","#N/A","#N/A","#N/A","#N/A","#N/A","#N/A","#N/A","#N/A","#N/A","#N/A","#N/A","#N/A","#N/A","#N/A"
"1955:Q1","#N/A","#N/A","#N/A","#N/A","#N/A","#N/A","#N/A","#N/A","#N/A","#N/A","#N/A","#N/A","#N/A","#N/A","#N/A","#N/A","#N/A","#N/A","#N/A","#N/A","#N/A","#N/A","#N/A","#N/A"
"1955:Q2","#N/A","#N/A","#N/A","#N/A","#N/A","#N/A","#N/A","#N/A","#N/A","#N/A","#N/A","#N/A","#N/A","#N/A","#N/A","#N/A","#N/A","#N/A","#N/A","#N/A","#N/A","#N/A","#N/A","#N/A"
"1955:Q3","#N/A","#N/A","#N/A","#N/A","#N/A","#N/A","#N/A","#N/A","#N/A","#N/A","#N/A","#N/A","#N/A","#N/A","#N/A","#N/A","#N/A","#N/A","#N/A","#N/A","#N/A","#N/A","#N/A","#N/A"
"1955:Q4","#N/A","#N/A","#N/A","#N/A","#N/A","#N/A","#N/A","#N/A","#N/A","#N/A","#N/A","#N/A","#N/A","#N/A","#N/A","#N/A","#N/A","#N/A","#N/A","#N/A","#N/A","#N/A","#N/A","#N/A"
"1956:Q1","#N/A","#N/A","#N/A","#N/A","#N/A","#N/A","#N/A","#N/A","#N/A","#N/A","#N/A","#N/A","#N/A","#N/A","#N/A","#N/A","#N/A","#N/A","#N/A","#N/A","#N/A","#N/A","#N/A","#N/A"
"1956:Q2","#N/A","#N/A","#N/A","#N/A","#N/A","#N/A","#N/A","#N/A","#N/A","#N/A","#N/A","#N/A","#N/A","#N/A","#N/A","#N/A","#N/A","#N/A","#N/A","#N/A","#N/A","#N/A","#N/A","#N/A"
"1956:Q3","#N/A","#N/A","#N/A","#N/A","#N/A","#N/A","#N/A","#N/A","#N/A","#N/A","#N/A","#N/A","#N/A","#N/A","#N/A","#N/A","#N/A","#N/A","#N/A","#N/A","#N/A","#N/A","#N/A","#N/A"
"1956:Q4","#N/A","#N/A","#N/A","#N/A","#N/A","#N/A","#N/A","#N/A","#N/A","#N/A","#N/A","#N/A","#N/A","#N/A","#N/A","#N/A","#N/A","#N/A","#N/A","#N/A","#N/A","#N/A","#N/A","#N/A"
"1957:Q1","#N/A","#N/A","#N/A","#N/A","#N/A","#N/A","#N/A","#N/A","#N/A","#N/A","#N/A","#N/A","#N/A","#N/A","#N/A","#N/A","#N/A","#N/A","#N/A","#N/A","#N/A","#N/A","#N/A","#N/A"
"1957:Q2","#N/A","#N/A","#N/A","#N/A","#N/A","#N/A","#N/A","#N/A","#N/A","#N/A","#N/A","#N/A","#N/A","#N/A","#N/A","#N/A","#N/A","#N/A","#N/A","#N/A","#N/A","#N/A","#N/A","#N/A"
"1957:Q3","#N/A","#N/A","#N/A","#N/A","#N/A","#N/A","#N/A","#N/A","#N/A","#N/A","#N/A","#N/A","#N/A","#N/A","#N/A","#N/A","#N/A","#N/A","#N/A","#N/A","#N/A","#N/A","#N/A","#N/A"
"1957:Q4","#N/A","#N/A","#N/A","#N/A","#N/A","#N/A","#N/A","#N/A","#N/A","#N/A","#N/A","#N/A","#N/A","#N/A","#N/A","#N/A","#N/A","#N/A","#N/A","#N/A","#N/A","#N/A","#N/A","#N/A"
"1958:Q1","#N/A","#N/A","#N/A","#N/A","#N/A","#N/A","#N/A","#N/A","#N/A","#N/A","#N/A","#N/A","#N/A","#N/A","#N/A","#N/A","#N/A","#N/A","#N/A","#N/A","#N/A","#N/A","#N/A","#N/A"
"1958:Q2","#N/A","#N/A","#N/A","#N/A","#N/A","#N/A","#N/A","#N/A","#N/A","#N/A","#N/A","#N/A","#N/A","#N/A","#N/A","#N/A","#N/A","#N/A","#N/A","#N/A","#N/A","#N/A","#N/A","#N/A"
"1958:Q3","#N/A","#N/A","#N/A","#N/A","#N/A","#N/A","#N/A","#N/A","#N/A","#N/A","#N/A","#N/A","#N/A","#N/A","#N/A","#N/A","#N/A","#N/A","#N/A","#N/A","#N/A","#N/A","#N/A","#N/A"
"1958:Q4","#N/A","#N/A","#N/A","#N/A","#N/A","#N/A","#N/A","#N/A","#N/A","#N/A","#N/A","#N/A","#N/A","#N/A","#N/A","#N/A","#N/A","#N/A","#N/A","#N/A","#N/A","#N/A","#N/A","#N/A"
"1959:Q1","305.203","305.203","305.203","305.203","305.203","305.203","305.203","305.203","305.203","305.203","305.203","305.203","305.203","305.203","305.203","305.203","305.206","305.206","305.206","305.206","305.206","305.206","305.206","305.206"
"1959:Q2","311.086","311.086","311.086","311.086","311.086","311.086","311.086","311.086","311.086","311.086","311.086","311.086","311.086","311.086","311.086","311.086","311.087","311.087","311.087","311.087","311.087","311.087","311.087","311.087"
"1959:Q3","316.147","316.147","316.147","316.147","316.147","316.147","316.147","316.147","316.147","316.147","316.147","316.147","316.147","316.147","316.147","316.147","316.148","316.148","316.148","316.148","316.148","316.148","316.148","316.148"
"1959:Q4","318.135","318.135","318.135","318.135","318.135","318.135","318.135","318.135","318.135","318.135","318.135","318.135","318.135","318.135","318.135","318.135","318.13","318.13","318.13","318.13","318.13","318.13","318.13","318.13"
"1960:Q1","321.607","321.607","321.607","321.607","321.607","321.607","321.607","321.607","321.607","321.607","321.607","321.607","321.607","321.607","321.607","321.607","321.606","321.606","321.606","321.606","321.606","321.606","321.606","321.606"
"1960:Q2","327.507","327.507","327.507","327.507","327.507","327.507","327.507","327.507","327.507","327.507","327.507","327.507","327.507","327.507","327.507","327.507","327.507","327.507","327.507","327.507","327.507","327.507","327.507","327.507"
"1960:Q3","327.492","327.492","327.492","327.492","327.492","327.492","327.492","327.492","327.492","327.492","327.492","327.492","327.492","327.492","327.492","327.492","327.493","327.493","327.493","327.493","327.493","327.493","327.493","327.493"
"1960:Q4","329.465","329.465","329.465","329.465","329.465","329.465","329.465","329.465","329.465","329.465","329.465","329.465","329.465","329.465","329.465","329.465","329.465","329.465","329.465","329.465","329.465","329.465","329.465","329.465"
"1961:Q1","330.019","330.019","330.019","330.019","330.019","330.019","330.019","330.019","330.019","330.019","330.019","330.019","330.019","330.019","330.019","330.019","330.021","330.021","330.021","330.021","330.021","330.021","330.021","330.021"
"1961:Q2","334.743","334.743","334.743","334.743","334.743","334.743","334.743","334.743","334.743","334.743","334.743","334.743","334.743","334.743","334.743","334.743","334.743","334.743","334.743","334.743","334.743","334.743","334.743","334.743"
"1961:Q3","337.507","337.507","337.507","337.507","337.507","337.507","337.507","337.507","337.507","337.507","337.507","337.507","337.507","337.507","337.507","337.507","337.505","337.505","337.505","337.505","337.505","337.505","337.505","337.505"
"1961:Q4","344.612","344.612","344.612","344.612","344.612","344.612","344.612","344.612","344.612","344.612","344.612","344.612","344.612","344.612","344.612","344.612","344.61","344.61","344.61","344.61","344.61","344.61","344.61","344.61"
"1962:Q1","349.812","349.812","349.812","349.812","349.812","349.812","349.812","349.812","349.812","349.812","349.812","349.812","349.812","349.812","349.812","349.812","349.812","349.812","349.812","349.812","349.812","349.812","349.812","349.812"
"1962:Q2","355.496","355.496","355.496","355.496","355.496","355.496","355.496","355.496","355.496","355.496","355.496","355.496","355.496","355.496","355.496","355.496","355.494","355.494","355.494","355.494","355.494","355.494","355.494","355.494"
"1962:Q3","359.435","359.435","359.435","359.435","359.435","359.435","359.435","359.435","359.435","359.435","359.435","359.435","359.435","359.435","359.435","359.435","359.439","359.439","359.439","359.439","359.439","359.439","359.439","359.439"
"1962:Q4","365.77","365.77","365.77","365.77","365.77","365.77","365.77","365.77","365.77","365.77","365.77","365.77","365.77","365.77","365.77","365.77","365.768","365.768","365.768","365.768","365.768","365.768","365.768","365.768"
"1963:Q1","369.273","369.273","369.273","369.273","369.273","369.273","369.273","369.273","369.273","369.273","369.273","369.273","369.273","369.273","369.273","369.273","369.269","369.269","369.269","369.269","369.269","369.269","369.269","369.269"
"1963:Q2","373.205","373.205","373.205","373.205","373.205","373.205","373.205","373.205","373.205","373.205","373.205","373.205","373.205","373.205","373.205","373.205","373.207","373.207","373.207","373.207","373.207","373.207","373.207","373.207"
"1963:Q3","379.957","379.957","379.957","379.957","379.957","379.957","379.957","379.957","379.957","379.957","379.957","379.957","379.957","379.957","379.957","379.957","379.958","379.958","379.958","379.958","379.958","379.958","379.958","379.958"
"1963:Q4","384.406","384.406","384.406","384.406","384.406","384.406","384.406","384.406","384.406","384.406","384.406","384.406","384.406","384.406","384.406","384.406","384.403","384.403","384.403","384.403","384.403","384.403","384.403","384.403"
"1964:Q1","393.73","393.73","393.73","393.73","393.73","393.73","393.73","393.73","393.73","393.73","393.73","393.73","393.73","393.73","393.73","393.73","393.733","393.733","393.733","393.733","393.733","393.733","393.733","393.733"
"1964:Q2","401.654","401.654","401.654","401.654","401.654","401.654","401.654","401.654","401.654","401.654","401.654","401.654","401.654","401.654","401.654","401.654","401.654","401.654","401.654","401.654","401.654","401.654","401.654","401.654"
"1964:Q3","410.538","410.538","410.538","410.538","410.538","410.538","410.538","410.538","410.538","410.538","410.538","410.538","410.538","410.538","410.538","410.538","410.538","410.538","410.538","410.538","410.538","410.538","410.538","410.538"
"1964:Q4","413.107","413.107","413.107","413.107","413.107","413.107","413.107","413.107","413.107","413.107","413.107","413.107","413.107","413.107","413.107","413.107","413.109","413.109","413.109","413.109","413.109","413.109","413.109","413.109"
"1965:Q1","423.76","423.76","423.76","423.76","423.76","423.76","423.76","423.76","423.76","423.76","423.76","423.76","423.76","423.76","423.76","423.76","423.76","423.76","423.76","423.76","423.76","423.76","423.76","423.76"
"1965:Q2","430.442","430.442","430.442","430.442","430.442","430.442","430.442","430.442","430.442","430.442","430.442","430.442","430.442","430.442","430.442","430.442","430.444","430.444","430.444","430.444","430.444","430.444","430.444","430.444"
"1965:Q3","439.303","439.303","439.303","439.303","439.303","439.303","439.303","439.303","439.303","439.303","439.303","439.303","439.303","439.303","439.303","439.303","439.307","439.307","439.307","439.307","439.307","439.307","439.307","439.307"
"1965:Q4","452.963","452.963","452.963","452.963","452.963","452.963","452.963","452.963","452.963","452.963","452.963","452.963","452.963","452.963","452.963","452.963","452.965","452.965","452.965","452.965","452.965","452.965","452.965","452.965"
"1966:Q1","463.249","463.249","463.249","463.249","463.249","463.249","463.249","463.249","463.249","463.249","463.249","463.249","463.249","463.249","463.249","463.249","463.25","463.25","463.25","463.25","463.25","463.25","463.25","463.25"
"1966:Q2","468.367","468.367","468.367","468.367","468.367","468.367","468.367","468.367","468.367","468.367","468.367","468.367","468.367","468.367","468.367","468.367","468.367","468.367","468.367","468.367","468.367","468.367","468.367","468.367"
"1966:Q3","477.556","477.556","477.556","477.556","477.556","477.556","477.556","477.556","477.556","477.556","477.556","477.556","477.556","477.556","477.556","477.556","477.558","477.558","477.558","477.558","477.558","477.558","477.558","477.558"
"1966:Q4","483.386","483.386","483.386","483.386","483.386","483.386","483.386","483.386","483.386","483.386","483.386","483.386","483.386","483.386","483.386","483.386","483.389","483.389","483.389","483.389","483.389","483.389","483.389","483.389"
"1967:Q1","487.54","487.54","487.54","487.54","487.54","487.54","487.54","487.54","487.54","487.54","487.54","487.54","487.54","487.54","487.54","487.54","487.542","487.542","487.542","487.542","487.542","487.542","487.542","487.542"
"1967:Q2","496.35","496.35","496.35","496.35","496.35","496.35","496.35","496.35","496.35","496.35","496.35","496.35","496.35","496.35","496.35","496.35","496.353","496.353","496.353","496.353","496.353","496.353","496.353","496.353"
"1967:Q3","503.199","503.199","503.199","503.199","503.199","503.199","503.199","503.199","503.199","503.199","503.199","503.199","503.199","503.199","503.199","503.199","503.202","503.202","503.202","503.202","503.202","503.202","503.202","503.202"
"1967:Q4","510.352","510.352","510.352","510.352","510.352","510.352","510.352","510.352","510.352","510.352","510.352","510.352","510.352","510.352","510.352","510.352","510.356","510.356","510.356","510.356","510.356","510.356","510.356","510.356"
"1968:Q1","528.142","528.142","528.142","528.142","528.142","528.142","528.142","528.142","528.142","528.142","528.142","528.142","528.142","528.142","528.142","528.142","528.145","528.145","528.145","528.145","528.145","528.145","528.145","528.145"
"1968:Q2","541.863","541.863","541.863","541.863","541.863","541.863","541.863","541.863","541.863","541.863","541.863","541.863","541.863","541.863","541.863","541.863","541.863","541.863","541.863","541.863","541.863","541.863","541.863","541.863"
"1968:Q3","557.927","557.927","557.927","557.927","557.927","557.927","557.927","557.927","557.927","557.927","557.927","557.927","557.927","557.927","557.927","557.927","557.928","557.928","557.928","557.928","557.928","557.928","557.928","557.928"
"1968:Q4","566.702","566.702","566.702","566.702","566.702","566.702","566.702","566.702","566.702","566.702","566.702","566.702","566.702","566.702","566.702","566.702","566.703","566.703","566.703","566.703","566.703","566.703","566.703","566.703"
"1969:Q1","578.749","578.749","578.749","578.749","578.749","578.749","578.749","578.749","578.749","578.749","578.749","578.749","578.749","578.749","578.749","578.749","578.752","578.752","578.752","578.752","578.752","578.752","578.752","578.752"
"1969:Q2","589.888","589.888","589.888","589.888","589.888","589.888","589.888","589.888","589.888","589.888","589.888","589.888","589.888","589.888","589.888","589.888","589.891","589.891","589.891","589.891","589.891","589.891","589.891","589.891"
"1969:Q3","599.919","599.919","599.919","599.919","599.919","599.919","599.919","599.919","599.919","599.919","599.919","599.919","599.919","599.919","599.919","599.919","599.921","599.921","599.921","599.921","599.921","599.921","599.921","599.921"
"1969:Q4","611.613","611.613","611.613","611.613","611.613","611.613","611.613","611.613","611.613","611.613","611.613","611.613","611.613","611.613","611.613","611.613","611.617","611.617","611.617","611.617","611.617","611.617","611.617","611.617"
"1970:Q1","622.458","622.458","622.458","622.458","622.458","622.458","622.458","622.458","622.458","622.458","622.458","622.458","622.458","622.458","622.458","622.458","622.461","622.461","622.461","622.461","622.461","622.461","622.461","622.461"
"1970:Q2","632.197","632.197","632.197","632.197","632.197","632.197","632.197","632.197","632.197","632.197","632.197","632.197","632.197","632.197","632.197","632.197","632.199","632.199","632.199","632.199","632.199","632.199","632.199","632.199"
"1970:Q3","643.789","643.789","643.789","643.789","643.789","643.789","643.789","643.789","643.789","643.789","643.789","643.789","643.789","643.789","643.789","643.789","643.791","643.791","643.791","643.791","643.791","643.791","643.791","643.791"
"1970:Q4","650.417","650.417","650.417","650.417","650.417","650.417","650.417","650.417","650.417","650.417","650.417","650.417","650.417","650.417","650.417","650.417","650.424","650.424","650.424","650.424","650.424","650.424","650.424","650.424"
"1971:Q1","669.114","669.114","669.114","669.114","669.114","669.114","669.114","669.114","669.114","669.114","669.114","669.114","669.114","669.114","669.114","669.114","669.118","669.118","669.118","669.118","669.118","669.118","669.118","669.118"
"1971:Q2","682.818","682.818","682.818","682.818","682.818","682.818","682.818","682.818","682.818","682.818","682.818","682.818","682.818","682.818","682.818","682.818","682.82","682.82","682.82","682.82","682.82","682.82","682.82","682.82"
"1971:Q3","694.767","694.767","694.767","694.767","694.767","694.767","694.767","694.767","694.767","694.767","694.767","694.767","694.767","694.767","694.767","694.767","694.768","694.768","694.768","694.768","694.768","694.768","694.768","694.768"
"1971:Q4","710.437","710.437","710.437","710.437","710.437","710.437","710.437","710.437","710.437","710.437","710.437","710.437","710.437","710.437","710.437","710.437","710.438","710.438","710.438","710.438","710.438","710.438","710.438","710.438"
"1972:Q1","727.708","727.708","727.708","727.708","727.708","727.708","727.708","727.708","727.708","727.708","727.708","727.708","727.708","727.708","727.708","727.708","727.705","727.705","727.705","727.705","727.705","727.705","727.705","727.705"
"1972:Q2","746.004","746.004","746.004","746.004","746.004","746.004","746.004","746.004","746.004","746.004","746.004","746.004","746.004","746.004","746.004","746.004","746.007","746.007","746.007","746.007","746.007","746.007","746.007","746.007"
"1972:Q3","764.46","764.46","764.46","764.46","764.46","764.46","764.46","764.46","764.46","764.46","764.46","764.46","764.46","764.46","764.46","764.46","764.467","764.467","764.467","764.467","764.467","764.467","764.467","764.467"
"1972:Q4","788.291","788.291","788.291","788.291","788.291","788.291","788.291","788.291","788.291","788.291","788.291","788.291","788.291","788.291","788.291","788.291","788.295","788.295","788.295","788.295","788.295","788.295","788.295","788.295"
"1973:Q1","813.223","813.223","813.223","813.223","813.223","813.223","813.223","813.223","813.223","813.223","813.223","813.223","813.223","813.223","813.223","813.223","813.226","813.226","813.226","813.226","813.226","813.226","813.226","813.226"
"1973:Q2","828.276","828.276","828.276","828.276","828.276","828.276","828.276","828.276","828.276","828.276","828.276","828.276","828.276","828.276","828.276","828.276","828.276","828.276","828.276","828.276","828.276","828.276","828.276","828.276"
"1973:Q3","846.63","846.63","846.63","846.63","846.63","846.63","846.63","846.63","846.63","846.63","846.63","846.63","846.63","846.63","846.63","846.63","846.632","846.632","846.632","846.632","846.632","846.632","846.632","846.632"
"1973:Q4","861.393","861.393","861.393","861.393","861.393","861.393","861.393","861.393","861.393","861.393","861.393","861.393","861.393","861.393","861.393","861.393","861.398","861.398","861.398","861.398","861.398","861.398","861.398","861.398"
"1974:Q1","878.969","878.969","878.969","878.969","878.969","878.969","878.969","878.969","878.969","878.969","878.969","878.969","878.969","878.969","878.969","878.969","878.968","878.968","878.968","878.968","878.968","878.968","878.968","878.968"
"1974:Q2","906.735","906.735","906.735","906.735","906.735","906.735","906.735","906.735","906.735","906.735","906.735","906.735","906.735","906.735","906.735","906.735","906.734","906.734","906.734","906.734","906.734","906.734","906.734","906.734"
"1974:Q3","935.438","935.438","935.438","935.438","935.438","935.438","935.438","935.438","935.438","935.438","935.438","935.438","935.438","935.438","935.438","935.438","935.438","935.438","935.438","935.438","935.438","935.438","935.438","935.438"
"1974:Q4","944.844","944.844","944.844","944.844","944.844","944.844","944.844","944.844","944.844","944.844","944.844","944.844","944.844","944.844","944.844","944.844","944.848","944.848","944.848","944.848","944.848","944.848","944.848","944.848"
"1975:Q1","970.812","970.812","970.812","970.812","970.812","970.812","970.812","970.812","970.812","970.812","970.812","970.812","970.812","970.812","970.812","970.812","970.817","970.817","970.817","970.817","970.817","970.817","970.817","970.817"
"1975:Q2","999.252","999.252","999.252","999.252","999.252","999.252","999.252","999.252","999.252","999.252","999.252","999.252","999.252","999.252","999.252","999.252","999.254","999.254","999.254","999.254","999.254","999.254","999.254","999.254"
"1975:Q3","1032.219","1032.219","1032.219","1032.219","1032.219","1032.219","1032.219","1032.219","1032.219","1032.219","1032.219","1032.219","1032.219","1032.219","1032.219","1032.219","1032.222","1032.222","1032.222","1032.222","1032.222","1032.222","1032.222","1032.222"
"1975:Q4","1060.659","1060.659","1060.659","1060.659","1060.659","1060.659","1060.659","1060.659","1060.659","1060.659","1060.659","1060.659","1060.659","1060.659","1060.659","1060.659","1060.667","1060.667","1060.667","1060.667","1060.667","1060.667","1060.667","1060.667"
"1976:Q1","1093.458","1093.458","1093.458","1093.458","1093.458","1093.458","1093.458","1093.458","1093.458","1093.458","1093.458","1093.458","1093.458","1093.458","1093.458","1093.458","1093.46","1093.46","1093.46","1093.46","1093.46","1093.46","1093.46","1093.46"
"1976:Q2","1113.136","1113.136","1113.136","1113.136","1113.136","1113.136","1113.136","1113.136","1113.136","1113.136","1113.136","1113.136","1113.136","1113.136","1113.136","1113.136","1113.142","1113.142","1113.142","1113.142","1113.142","1113.142","1113.142","1113.142"
"1976:Q3","1142.463","1142.463","1142.463","1142.463","1142.463","1142.463","1142.463","1142.463","1142.463","1142.463","1142.463","1142.463","1142.463","1142.463","1142.463","1142.463","1142.472","1142.472","1142.472","1142.472","1142.472","1142.472","1142.472","1142.472"
"1976:Q4","1175.682","1175.682","1175.682","1175.682","1175.682","1175.682","1175.682","1175.682","1175.682","1175.682","1175.682","1175.682","1175.682","1175.682","1175.682","1175.682","1175.689","1175.689","1175.689","1175.689","1175.689","1175.689","1175.689","1175.689"
"1977:Q1","1210.587","1210.587","1210.587","1210.587","1210.587","1210.587","1210.587","1210.587","1210.587","1210.587","1210.587","1210.587","1210.587","1210.587","1210.587","1210.587","1210.591","1210.591","1210.591","1210.591","1210.591","1210.591","1210.591","1210.591"
"1977:Q2","1238.598","1238.598","1238.598","1238.598","1238.598","1238.598","1238.598","1238.598","1238.598","1238.598","1238.598","1238.598","1238.598","1238.598","1238.598","1238.598","1238.605","1238.605","1238.605","1238.605","1238.605","1238.605","1238.605","1238.605"
"1977:Q3","1268.947","1268.947","1268.947","1268.947","1268.947","1268.947","1268.947","1268.947","1268.947","1268.947","1268.947","1268.947","1268.947","1268.947","1268.947","1268.947","1268.951","1268.951","1268.951","1268.951","1268.951","1268.951","1268.951","1268.951"
"1977:Q4","1306.002","1306.002","1306.002","1306.002","1306.002","1306.002","1306.002","1306.002","1306.002","1306.002","1306.002","1306.002","1306.002","1306.002","1306.002","1306.002","1306.008","1306.008","1306.008","1306.008","1306.008","1306.008","1306.008","1306.008"
"1978:Q1","1335.581","1335.581","1335.581","1335.581","1335.581","1335.581","1335.581","1335.581","1335.581","1335.581","1335.581","1335.581","1335.581","1335.581","1335.581","1335.581","1335.591","1335.591","1335.591","1335.591","1335.591","1335.591","1335.591","1335.591"
"1978:Q2","1392.598","1392.598","1392.598","1392.598","1392.598","1392.598","1392.598","1392.598","1392.598","1392.598","1392.598","1392.598","1392.598","1392.598","1392.598","1392.598","1392.604","1392.604","1392.604","1392.604","1392.604","1392.604","1392.604","1392.604"
"1978:Q3","1422.958","1422.958","1422.958","1422.958","1422.958","1422.958","1422.958","1422.958","1422.958","1422.958","1422.958","1422.958","1422.958","1422.958","1422.958","1422.958","1422.967","1422.967","1422.967","1422.967","1422.967","1422.967","1422.967","1422.967"
"1978:Q4","1461.448","1461.448","1461.448","1461.448","1461.448","1461.448","1461.448","1461.448","1461.448","1461.448","1461.448","1461.448","1461.448","1461.448","1461.448","1461.448","1461.455","1461.455","1461.455","1461.455","1461.455","1461.455","1461.455","1461.455"
"1979:Q1","1495.64","1495.64","1495.64","1495.64","1495.64","1495.64","1495.64","1495.64","1495.64","1495.64","1495.64","1495.64","1495.64","1495.64","1495.64","1495.64","1495.651","1495.651","1495.651","1495.651","1495.651","1495.651","1495.651","1495.651"
"1979:Q2","1535.621","1535.621","1535.621","1535.621","1535.621","1535.621","1535.621","1535.621","1535.621","1535.621","1535.621","1535.621","1535.621","1535.621","1535.621","1535.621","1535.625","1535.625","1535.625","1535.625","1535.625","1535.625","1535.625","1535.625"
"1979:Q3","1590.07","1590.07","1590.07","1590.07","1590.07","1590.07","1590.07","1590.07","1590.07","1590.07","1590.07","1590.07","1590.07","1590.07","1590.07","1590.07","1590.08","1590.08","1590.08","1590.08","1590.08","1590.08","1590.08","1590.08"
"1979:Q4","1632.133","1632.133","1632.133","1632.133","1632.133","1632.133","1632.133","1632.133","1632.133","1632.133","1632.133","1632.133","1632.133","1632.133","1632.133","1632.133","1632.142","1632.142","1632.142","1632.142","1632.142","1632.142","1632.142","1632.142"
"1980:Q1","1677.846","1677.846","1677.846","1677.846","1677.846","1677.846","1677.846","1677.846","1677.846","1677.846","1677.846","1677.846","1677.846","1677.846","1677.846","1677.846","1678.196","1678.196","1678.196","1678.196","1678.196","1678.196","1678.196","1678.196"
"1980:Q2","1678.738","1678.738","1678.738","1678.738","1678.738","1678.738","1678.738","1678.738","1678.738","1678.738","1678.738","1678.738","1678.738","1678.738","1678.738","1678.738","1679.437","1679.437","1679.437","1679.437","1679.437","1679.437","1679.437","1679.437"
"1980:Q3","1736.352","1736.352","1736.352","1736.352","1736.352","1736.352","1736.352","1736.352","1736.352","1736.352","1736.352","1736.352","1736.352","1736.352","1736.352","1736.352","1737.18","1737.18","1737.18","1737.18","1737.18","1737.18","1737.18","1737.18"
"1980:Q4","1802.817","1802.817","1802.817","1802.817","1802.817","1802.817","1802.817","1802.817","1802.817","1802.817","1802.817","1802.817","1802.817","1802.817","1802.817","1802.817","1803.523","1803.523","1803.523","1803.523","1803.523","1803.523","1803.523","1803.523"
"1981:Q1","1857.853","1857.853","1857.853","1857.853","1857.853","1857.853","1857.853","1857.853","1857.853","1857.853","1857.853","1857.853","1857.853","1857.853","1857.853","1857.853","1858.203","1858.203","1858.203","1858.203","1858.203","1858.203","1858.203","1858.203"
"1981:Q2","1888.342","1888.342","1888.342","1888.342","1888.342","1888.342","1888.342","1888.342","1888.342","1888.342","1888.342","1888.342","1888.342","1888.342","1888.342","1888.342","1888.428","1888.428","1888.428","1888.428","1888.428","1888.428","1888.428","1888.428"
"1981:Q3","1926.743","1926.743","1926.743","1926.743","1926.743","1926.743","1926.743","1926.743","1926.743","1926.743","1926.743","1926.743","1926.743","1926.743","1926.743","1926.743","1926.732","1926.732","1926.732","1926.732","1926.732","1926.732","1926.732","1926.732"
"1981:Q4","1940.01","1940.01","1940.01","1940.01","1940.01","1940.01","1940.01","1940.01","1940.01","1940.01","1940.01","1940.01","1940.01","1940.01","1940.01","1940.01","1940.097","1940.097","1940.097","1940.097","1940.097","1940.097","1940.097","1940.097"
"1982:Q1","1977.204","1977.204","1977.204","1977.204","1977.204","1977.204","1977.204","1977.204","1977.204","1977.204","1977.204","1977.204","1977.204","1977.204","1977.204","1977.204","1977.561","1977.561","1977.561","1977.561","1977.561","1977.561","1977.561","1977.561"
"1982:Q2","2003.118","2003.118","2003.118","2003.118","2003.118","2003.118","2003.118","2003.118","2003.118","2003.118","2003.118","2003.118","2003.118","2003.118","2003.118","2003.118","2003.676","2003.676","2003.676","2003.676","2003.676","2003.676","2003.676","2003.676"
"1982:Q3","2050.117","2050.117","2050.117","2050.117","2050.117","2050.117","2050.117","2050.117","2050.117","2050.117","2050.117","2050.117","2050.117","2050.117","2050.117","2050.117","2050.76","2050.76","2050.76","2050.76","2050.76","2050.76","2050.76","2050.76"
"1982:Q4","2111.181","2111.181","2111.181","2111.181","2111.181","2111.181","2111.181","2111.181","2111.181","2111.181","2111.181","2111.181","2111.181","2111.181","2111.181","2111.181","2111.789","2111.789","2111.789","2111.789","2111.789","2111.789","2111.789","2111.789"
"1983:Q1","2150.582","2150.582","2150.582","2150.582","2150.582","2150.582","2150.582","2150.582","2150.582","2150.582","2150.582","2150.582","2150.582","2150.582","2150.582","2150.582","2151.016","2151.016","2151.016","2151.016","2151.016","2151.016","2151.016","2151.016"
"1983:Q2","2214.205","2214.205","2214.205","2214.205","2214.205","2214.205","2214.205","2214.205","2214.205","2214.205","2214.205","2214.205","2214.205","2214.205","2214.205","2214.205","2214.429","2214.429","2214.429","2214.429","2214.429","2214.429","2214.429","2214.429"
"1983:Q3","2283.289","2283.289","2283.289","2283.289","2283.289","2283.289","2283.289","2283.289","2283.289","2283.289","2283.289","2283.289","2283.289","2283.289","2283.289","2283.289","2283.275","2283.275","2283.275","2283.275","2283.275","2283.275","2283.275","2283.275"
"1983:Q4","2334.601","2334.601","2334.601","2334.601","2334.601","2334.601","2334.601","2334.601","2334.601","2334.601","2334.601","2334.601","2334.601","2334.601","2334.601","2334.601","2334.328","2334.328","2334.328","2334.328","2334.328","2334.328","2334.328","2334.328"
"1984:Q1","2380.167","2380.167","2380.167","2380.167","2380.167","2380.167","2380.167","2380.167","2380.167","2380.167","2380.167","2380.167","2380.167","2380.167","2380.167","2380.167","2379.618","2379.618","2379.618","2379.618","2379.618","2379.618","2379.618","2379.618"
"1984:Q2","2437.073","2437.073","2437.073","2437.073","2437.073","2437.073","2437.073","2437.073","2437.073","2437.073","2437.073","2437.073","2437.073","2437.073","2437.073","2437.073","2436.328","2436.328","2436.328","2436.328","2436.328","2436.328","2436.328","2436.328"
"1984:Q3","2474.537","2474.537","2474.537","2474.537","2474.537","2474.537","2474.537","2474.537","2474.537","2474.537","2474.537","2474.537","2474.537","2474.537","2474.537","2474.537","2473.716","2473.716","2473.716","2473.716","2473.716","2473.716","2473.716","2473.716"
"1984:Q4","2522.191","2522.191","2522.191","2522.191","2522.191","2522.191","2522.191","2522.191","2522.191","2522.191","2522.191","2522.191","2522.191","2522.191","2522.191","2522.191","2521.42","2521.42","2521.42","2521.42","2521.42","2521.42","2521.42","2521.42"
"1985:Q1","2594.349","2594.349","2594.349","2594.349","2594.349","2594.349","2594.349","2594.349","2594.349","2594.349","2594.349","2594.349","2594.349","2594.349","2594.349","2594.349","2597.064","2597.064","2597.064","2597.064","2597.064","2597.064","2597.064","2597.064"
"1985:Q2","2637.651","2637.651","2637.651","2637.651","2637.651","2637.651","2637.651","2637.651","2637.651","2637.651","2637.651","2637.651","2637.651","2637.651","2637.651","2637.651","2643.75","2643.75","2643.75","2643.75","2643.75","2643.75","2643.75","2643.75"
"1985:Q3","2705.084","2705.084","2705.084","2705.084","2705.084","2705.084","2705.084","2705.084","2705.084","2705.084","2705.084","2705.084","2705.084","2705.084","2705.084","2705.084","2716.474","2716.474","2716.474","2716.474","2716.474","2716.474","2716.474","2716.474"
"1985:Q4","2731.975","2731.975","2731.975","2731.975","2731.975","2731.975","2731.975","2731.975","2731.975","2731.975","2731.975","2731.975","2731.975","2731.975","2731.975","2731.975","2741.797","2741.797","2741.797","2741.797","2741.797","2741.797","2741.797","2741.797"
"1986:Q1","2773.709","2773.709","2773.709","2773.709","2773.709","2773.709","2773.709","2773.709","2773.709","2773.709","2773.709","2773.709","2773.709","2773.709","2773.709","2773.709","2783.946","2783.946","2783.946","2783.946","2783.946","2783.946","2783.946","2783.946"
"1986:Q2","2803.651","2803.651","2803.651","2803.651","2803.651","2803.651","2803.651","2803.651","2803.651","2803.651","2803.651","2803.651","2803.651","2803.651","2803.651","2803.651","2810.291","2810.291","2810.291","2810.291","2810.291","2810.291","2810.291","2810.291"
"1986:Q3","2874.616","2874.616","2874.616","2874.616","2874.616","2874.616","2874.616","2874.616","2874.616","2874.616","2874.616","2874.616","2874.616","2874.616","2874.616","2874.616","2876.482","2876.482","2876.482","2876.482","2876.482","2876.482","2876.482","2876.482"
"1986:Q4","2913.52","2913.52","2913.52","2913.52","2913.52","2913.52","2913.52","2913.52","2913.52","2913.52","2913.52","2913.52","2913.52","2913.52","2913.52","2913.52","2912.468","2912.468","2912.468","2912.468","2912.468","2912.468","2912.468","2912.468"
"1987:Q1","2947.708","2947.708","2947.708","2947.708","2947.708","2947.708","2947.708","2947.708","2947.708","2947.708","2947.708","2947.708","2947.708","2947.708","2947.708","2947.708","2943.928","2943.928","2943.928","2943.928","2943.928","2943.928","2943.928","2943.928"
"1987:Q2","3014.386","3014.386","3014.386","3014.386","3014.386","3014.386","3014.386","3014.386","3014.386","3014.386","3014.386","3014.386","3014.386","3014.386","3014.386","3014.386","3014.057","3014.057","3014.057","3014.057","3014.057","3014.057","3014.057","3014.057"
"1987:Q3","3078.964","3078.964","3078.964","3078.964","3078.964","3078.964","3078.964","3078.964","3078.964","3078.964","3078.964","3078.964","3078.964","3078.964","3078.964","3078.964","3077.106","3077.106","3077.106","3077.106","3077.106","3077.106","3077.106","3077.106"
"1987:Q4","3112.654","3112.654","3112.654","3112.654","3112.654","3112.654","3112.654","3112.654","3112.654","3112.654","3112.654","3112.654","3112.654","3112.654","3112.654","3112.654","3110.315","3110.315","3110.315","3110.315","3110.315","3110.315","3110.315","3110.315"
"1988:Q1","3189.971","3189.971","3189.971","3189.971","3189.971","3189.971","3189.971","3189.971","3189.971","3189.971","3189.971","3189.971","3189.971","3189.971","3189.971","3189.971","3188.655","3188.655","3188.655","3188.655","3188.655","3188.655","3188.655","3188.655"
"1988:Q2","3247.217","3247.217","3247.217","3247.217","3247.217","3247.217","3247.217","3247.217","3247.217","3247.217","3247.217","3247.217","3247.217","3247.217","3247.217","3247.217","3246.589","3246.589","3246.589","3246.589","3246.589","3246.589","3246.589","3246.589"
"1988:Q3","3312.319","3312.319","3312.319","3312.319","3312.319","3312.319","3312.319","3312.319","3312.319","3312.319","3312.319","3312.319","3312.319","3312.319","3312.319","3312.319","3313.83","3313.83","3313.83","3313.83","3313.83","3313.83","3313.83","3313.83"
"1988:Q4","3383.679","3383.679","3383.679","3383.679","3383.679","3383.679","3383.679","3383.679","3383.679","3383.679","3383.679","3383.679","3383.679","3383.679","3383.679","3383.679","3385.315","3385.315","3385.315","3385.315","3385.315","3385.315","3385.315","3385.315"
"1989:Q1","3438.405","3438.405","3438.405","3438.405","3438.405","3438.405","3438.405","3438.405","3438.405","3438.405","3438.405","3438.405","3438.405","3438.405","3438.405","3438.405","3440.406","3440.406","3440.406","3440.406","3440.406","3440.406","3440.406","3440.406"
"1989:Q2","3498.81","3498.81","3498.81","3498.81","3498.81","3498.81","3498.81","3498.81","3498.81","3498.81","3498.81","3498.81","3498.81","3498.81","3498.81","3498.81","3502.055","3502.055","3502.055","3502.055","3502.055","3502.055","3502.055","3502.055"
"1989:Q3","3554.044","3554.044","3554.044","3554.044","3554.044","3554.044","3554.044","3554.044","3554.044","3554.044","3554.044","3554.044","3554.044","3554.044","3554.044","3554.044","3556.541","3556.541","3556.541","3556.541","3556.541","3556.541","3556.541","3556.541"
"1989:Q4","3599.846","3599.846","3599.846","3599.846","3599.846","3599.846","3599.846","3599.846","3599.846","3599.846","3599.846","3599.846","3599.846","3599.846","3599.846","3599.846","3600.117","3600.117","3600.117","3600.117","3600.117","3600.117","3600.117","3600.117"
"1990:Q1","3683.537","3683.537","3683.537","3683.537","3683.537","3683.537","3683.537","3683.537","3683.537","3683.537","3683.537","3683.537","3683.537","3683.537","3683.537","3683.537","3683.074","3683.074","3683.074","3683.074","3683.074","3683.074","3683.074","3683.074"
"1990:Q2","3733.447","3733.447","3733.447","3733.447","3733.447","3733.447","3733.447","3733.447","3733.447","3733.447","3733.447","3733.447","3733.447","3733.447","3733.447","3733.447","3725.481","3725.481","3725.481","3725.481","3725.481","3725.481","3725.481","3725.481"
"1990:Q3","3793.333","3793.333","3793.333","3793.333","3793.333","3793.333","3793.333","3793.333","3793.333","3793.333","3793.333","3793.333","3793.333","3793.333","3793.333","3793.333","3785.274","3785.274","3785.274","3785.274","3785.274","3785.274","3785.274","3785.274"
"1990:Q4","3813.03","3813.03","3813.03","3813.03","3813.03","3813.03","3813.03","3813.03","3813.03","3813.03","3813.03","3813.03","3813.03","3813.03","3813.03","3813.03","3805.238","3805.238","3805.238","3805.238","3805.238","3805.238","3805.238","3805.238"
"1991:Q1","3827.23","3827.23","3827.23","3827.23","3827.23","3827.23","3827.23","3827.23","3827.23","3827.23","3827.23","3827.23","3827.23","3827.23","3827.23","3827.23","3811.622","3811.622","3811.622","3811.622","3811.622","3811.622","3811.622","3811.622"
"1991:Q2","3879.761","3879.761","3879.761","3879.761","3879.761","3879.761","3879.761","3879.761","3879.761","3879.761","3879.761","3879.761","3879.761","3879.761","3879.761","3879.761","3864.205","3864.205","3864.205","3864.205","3864.205","3864.205","3864.205","3864.205"
"1991:Q3","3923.895","3923.895","3923.895","3923.895","3923.895","3923.895","3923.895","3923.895","3923.895","3923.895","3923.895","3923.895","3923.895","3923.895","3923.895","3923.895","3909.024","3909.024","3909.024","3909.024","3909.024","3909.024","3909.024","3909.024"
"1991:Q4","3952.438","3952.438","3952.438","3952.438","3952.438","3952.438","3952.438","3952.438","3952.438","3952.438","3952.438","3952.438","3952.438","3952.438","3952.438","3952.438","3935.258","3935.258","3935.258","3935.258","3935.258","3935.258","3935.258","3935.258"
"1992:Q1","4051.246","4051.246","4051.246","4051.246","4051.246","4051.246","4051.246","4051.246","4051.246","4051.246","4051.246","4051.246","4051.246","4051.246","4051.246","4051.246","4033.15","4033.15","4033.15","4033.15","4033.15","4033.15","4033.15","4033.15"
"1992:Q2","4102.033","4102.033","4102.033","4102.033","4102.033","4102.033","4102.033","4102.033","4102.033","4102.033","4102.033","4102.033","4102.033","4102.033","4102.033","4102.033","4086.279","4086.279","4086.279","4086.279","4086.279","4086.279","4086.279","4086.279"
"1992:Q3","4173.7","4173.7","4173.7","4173.7","4173.7","4173.7","4173.7","4173.7","4173.7","4173.7","4173.7","4173.7","4173.7","4173.7","4173.7","4173.7","4155.872","4155.872","4155.872","4155.872","4155.872","4155.872","4155.872","4155.872"
"1992:Q4","4251.214","4251.214","4251.214","4251.214","4251.214","4251.214","4251.214","4251.214","4251.214","4251.214","4251.214","4251.214","4251.214","4251.214","4251.214","4251.214","4235.582","4235.582","4235.582","4235.582","4235.582","4235.582","4235.582","4235.582"
"1993:Q1","4291.515","4291.515","4291.515","4291.515","4291.515","4291.515","4291.515","4291.515","4291.515","4291.515","4291.515","4291.515","4291.515","4291.515","4291.515","4291.515","4279.657","4279.657","4279.657","4279.657","4279.657","4279.657","4279.657","4279.657"
"1993:Q2","4358.32","4358.32","4358.32","4358.32","4358.32","4358.32","4358.32","4358.32","4358.32","4358.32","4358.32","4358.32","4358.32","4358.32","4358.32","4358.32","4348.249","4348.249","4348.249","4348.249","4348.249","4348.249","4348.249","4348.249"
"1993:Q3","4421.261","4421.261","4421.261","4421.261","4421.261","4421.261","4421.261","4421.261","4421.261","4421.261","4421.261","4421.261","4421.261","4421.261","4421.261","4421.261","4415.546","4415.546","4415.546","4415.546","4415.546","4415.546","4415.546","4415.546"
"1993:Q4","4484.776","4484.776","4484.776","4484.776","4484.776","4484.776","4484.776","4484.776","4484.776","4484.776","4484.776","4484.776","4484.776","4484.776","4484.776","4484.776","4480.281","4480.281","4480.281","4480.281","4480.281","4480.281","4480.281","4480.281"
"1994:Q1","4552.063","4552.063","4552.063","4552.063","4552.063","4552.063","4552.063","4552.063","4552.063","4552.063","4552.063","4552.063","4552.063","4552.063","4552.063","4552.063","4547.072","4547.072","4547.072","4547.072","4547.072","4547.072","4547.072","4547.072"
"1994:Q2","4608.941","4608.941","4608.941","4608.941","4608.941","4608.941","4608.941","4608.941","4608.941","4608.941","4608.941","4608.941","4608.941","4608.941","4608.941","4608.941","4606.545","4606.545","4606.545","4606.545","4606.545","4606.545","4606.545","4606.545"
"1994:Q3","4682.237","4682.237","4682.237","4682.237","4682.237","4682.237","4682.237","4682.237","4682.237","4682.237","4682.237","4682.237","4682.237","4682.237","4682.237","4682.237","4673.655","4673.655","4673.655","4673.655","4673.655","4673.655","4673.655","4673.655"
"1994:Q4","4750.498","4750.498","4750.498","4750.498","4750.498","4750.498","4750.498","4750.498","4750.498","4750.498","4750.498","4750.498","4750.498","4750.498","4750.498","4750.498","4745.763","4745.763","4745.763","4745.763","4745.763","4745.763","4745.763","4745.763"
"1995:Q1","4783.487","4783.487","4783.487","4783.487","4783.487","4783.487","4783.487","4783.487","4783.487","4783.487","4783.487","4783.487","4783.487","4783.487","4783.487","4783.487","4782.898","4782.898","4782.898","4782.898","4782.898","4782.898","4782.898","4782.898"
"1995:Q2","4850.984","4850.984","4850.984","4850.984","4850.984","4850.984","4850.984","4850.984","4850.984","4850.984","4850.984","4850.984","4850.984","4850.984","4850.984","4850.984","4853.221","4853.221","4853.221","4853.221","4853.221","4853.221","4853.221","4853.221"
"1995:Q3","4915.318","4915.318","4915.318","4915.318","4915.318","4915.318","4915.318","4915.318","4915.318","4915.318","4915.318","4915.318","4915.318","4915.318","4915.318","4915.318","4917.735","4917.735","4917.735","4917.735","4917.735","4917.735","4917.735","4917.735"
"1995:Q4","4970.646","4970.646","4970.646","4970.646","4970.646","4970.646","4970.646","4970.646","4970.646","4970.646","4970.646","4970.646","4970.646","4970.646","4970.646","4970.646","4973.546","4973.546","4973.546","4973.546","4973.546","4973.546","4973.546","4973.546"
"1996:Q1","5043.173","5043.173","5043.173","5043.173","5043.173","5043.173","5043.173","5043.173","5043.173","5043.173","5043.173","5043.173","5043.173","5043.173","5043.173","5043.173","5045.724","5045.724","5045.724","5045.724","5045.724","5045.724","5045.724","5045.724"
"1996:Q2","5132.633","5132.633","5132.633","5132.633","5132.633","5132.633","5132.633","5132.633","5132.633","5132.633","5132.633","5132.633","5132.633","5132.633","5132.633","5132.633","5133.524","5133.524","5133.524","5133.524","5133.524","5133.524","5133.524","5133.524"
"1996:Q3","5186.734","5186.734","5186.734","5186.734","5186.734","5186.734","5186.734","5186.734","5186.734","5186.734","5186.734","5186.734","5186.734","5186.734","5186.734","5186.734","5186.425","5186.425","5186.425","5186.425","5186.425","5186.425","5186.425","5186.425"
"1996:Q4","5269.022","5269.022","5269.022","5269.022","5269.022","5269.022","5269.022","5269.022","5269.022","5269.022","5269.022","5269.022","5269.022","5269.022","5269.022","5269.022","5266.424","5266.424","5266.424","5266.424","5266.424","5266.424","5266.424","5266.424"
"1997:Q1","5356.288","5356.288","5356.288","5356.288","5356.288","5356.288","5356.288","5356.288","5356.288","5356.288","5356.288","5356.288","5356.288","5356.288","5356.288","5356.288","5352.243","5352.243","5352.243","5352.243","5352.243","5352.243","5352.243","5352.243"
"1997:Q2","5393.9","5393.9","5393.9","5393.9","5393.9","5393.9","5393.9","5393.9","5393.9","5393.9","5393.9","5393.9","5393.9","5393.9","5393.9","5393.9","5391.561","5391.561","5391.561","5391.561","5391.561","5391.561","5391.561","5391.561"
"1997:Q3","5501.398","5501.398","5501.398","5501.398","5501.398","5501.398","5501.398","5501.398","5501.398","5501.398","5501.398","5501.398","5501.398","5501.398","5501.398","5501.398","5498.296","5498.296","5498.296","5498.296","5498.296","5498.296","5498.296","5498.296"
"1997:Q4","5581.918","5581.918","5581.918","5581.918","5581.918","5581.918","5581.918","5581.918","5581.918","5581.918","5581.918","5581.918","5581.918","5581.918","5581.918","5581.918","5578.433","5578.433","5578.433","5578.433","5578.433","5578.433","5578.433","5578.433"
"1998:Q1","5635.372","5635.372","5635.372","5635.372","5635.372","5635.372","5635.372","5635.372","5635.372","5635.372","5635.372","5635.372","5635.372","5635.372","5635.372","5635.372","5630.928","5630.928","5630.928","5630.928","5630.928","5630.928","5630.928","5630.928"
"1998:Q2","5741.759","5741.759","5741.759","5741.759","5741.759","5741.759","5741.759","5741.759","5741.759","5741.759","5741.759","5741.759","5741.759","5741.759","5741.759","5741.759","5736.613","5736.613","5736.613","5736.613","5736.613","5736.613","5736.613","5736.613"
"1998:Q3","5833.634","5833.634","5833.634","5833.634","5833.634","5833.634","5833.634","5833.634","5833.634","5833.634","5833.634","5833.634","5833.634","5833.634","5833.634","5833.634","5825.69","5825.69","5825.69","5825.69","5825.69","5825.69","5825.69","5825.69"
"1998:Q4","5939.192","5939.192","5939.192","5939.192","5939.192","5939.192","5939.192","5939.192","5939.192","5939.192","5939.192","5939.192","5939.192","5939.192","5939.192","5939.192","5923.653","5923.653","5923.653","5923.653","5923.653","5923.653","5923.653","5923.653"
"1999:Q1","6017.093","6017.093","6017.093","6017.093","6017.093","6017.093","6017.093","6017.093","6017.093","6017.093","6017.093","6017.093","6017.093","6017.093","6017.093","6017.093","6001.439","6001.439","6001.439","6001.439","5995.773","5995.773","5995.773","5995.773"
"1999:Q2","6146.658","6146.658","6146.658","6146.658","6146.658","6146.658","6146.658","6146.658","6146.658","6146.658","6146.658","6146.658","6146.658","6146.658","6146.658","6146.658","6126.896","6126.896","6126.896","6126.896","6116.793","6116.793","6116.793","6116.793"
"1999:Q3","6252.105","6252.105","6252.105","6252.105","6252.105","6252.105","6252.105","6252.105","6252.105","6252.105","6252.105","6252.105","6252.105","6252.105","6252.105","6252.105","6231.805","6231.805","6231.805","6231.805","6217.657","6217.657","6217.657","6217.657"
"1999:Q4","6373.665","6373.665","6373.665","6373.665","6373.665","6373.665","6373.665","6373.665","6373.665","6373.665","6373.665","6373.665","6373.665","6373.665","6373.665","6373.665","6354.524","6354.524","6354.524","6354.524","6344.948","6344.948","6344.948","6344.948"
"2000:Q1","6526.315","6526.315","6526.315","6526.315","6526.315","6526.315","6526.315","6526.315","6526.315","6526.315","6526.315","6526.315","6526.315","6526.315","6526.315","6526.315","6503.406","6503.406","6503.406","6503.406","6493.361","6493.361","6493.361","6493.361"
"2000:Q2","6614.094","6614.094","6614.094","6614.094","6614.094","6614.094","6614.094","6614.094","6614.094","6614.094","6614.094","6614.094","6614.094","6614.094","6614.094","6614.094","6591.012","6591.012","6591.012","6591.012","6583.023","6583.023","6583.023","6583.023"
"2000:Q3","6713.891","6713.891","6713.891","6713.891","6713.891","6713.891","6713.891","6713.891","6713.891","6713.891","6713.891","6713.891","6713.891","6713.891","6713.891","6713.891","6694.171","6694.171","6694.171","6694.171","6684.652","6684.652","6684.652","6684.652"
"2000:Q4","6805.716","6805.716","6805.716","6805.716","6805.716","6805.716","6805.716","6805.716","6805.716","6805.716","6805.716","6805.716","6805.716","6805.716","6805.716","6805.716","6785.741","6785.741","6785.741","6785.741","6776.358","6776.358","6776.358","6776.358"
"2001:Q1","6878.31","6878.31","6878.31","6878.31","6878.31","6878.31","6878.31","6878.31","6878.31","6878.31","6878.31","6878.31","6878.31","6878.31","6878.31","6878.31","6852.756","6852.756","6852.756","6852.756","6847.868","6847.868","6847.868","6847.868"
"2001:Q2","6933.76","6933.76","6933.76","6933.76","6933.76","6933.76","6933.76","6933.76","6933.76","6933.76","6933.76","6933.76","6933.76","6933.76","6933.76","6933.76","6900.295","6900.295","6900.295","6900.295","6894.381","6894.381","6894.381","6894.381"
"2001:Q3","6962.385","6962.385","6962.385","6962.385","6962.385","6962.385","6962.385","6962.385","6962.385","6962.385","6962.385","6962.385","6962.385","6962.385","6962.385","6962.385","6925.489","6925.489","6925.489","6925.489","6921.522","6921.522","6921.522","6921.522"
"2001:Q4","7075.962","7075.962","7075.962","7075.962","7075.962","7075.962","7075.962","7075.962","7075.962","7075.962","7075.962","7075.962","7075.962","7075.962","7075.962","7075.962","7032.597","7032.597","7032.597","7032.597","7032.331","7032.331","7032.331","7032.331"
"2002:Q1","7112.674","7112.674","7112.674","7112.674","7112.674","7112.674","7112.674","7112.674","7112.674","7112.674","7112.674","7112.674","7112.674","7112.674","7112.674","7112.674","7063.737","7063.737","7063.737","7063.737","7061.897","7061.897","7061.897","7061.897"
"2002:Q2","7200.581","7200.581","7200.581","7200.581","7200.581","7200.581","7200.581","7200.581","7200.581","7200.581","7200.581","7200.581","7200.581","7200.581","7200.581","7200.581","7151.791","7151.791","7151.791","7151.791","7148.38","7148.38","7148.38","7148.38"
"2002:Q3","7282.465","7282.465","7282.465","7282.465","7282.465","7282.465","7282.465","7282.465","7282.465","7282.465","7282.465","7282.465","7282.465","7282.465","7282.465","7282.465","7235.306","7235.306","7235.306","7235.306","7230.94","7230.94","7230.94","7230.94"
"2002:Q4","7341.021","7341.021","7341.021","7341.021","7341.021","7341.021","7341.021","7341.021","7341.021","7341.021","7341.021","7341.021","7341.021","7341.021","7341.021","7341.021","7296.977","7296.977","7296.977","7296.977","7301.619","7301.619","7301.619","7301.619"
"2003:Q1","7435.095","7435.095","7435.095","7435.095","7435.095","7435.095","7435.095","7435.095","7434.52","7434.52","7434.52","7434.52","7434.52","7434.52","7434.52","7434.52","7388.356","7388.356","7388.356","7388.356","7388.772","7388.772","7388.772","7388.772"
"2003:Q2","7511.626","7511.626","7511.626","7511.626","7511.626","7511.626","7511.626","7511.626","7515.796","7515.796","7515.796","7515.796","7515.796","7515.796","7515.796","7515.796","7479.774","7479.774","7479.774","7479.774","7479.117","7479.117","7479.117","7479.117"
"2003:Q3","7670.23","7670.23","7670.23","7670.23","7670.23","7670.23","7670.23","7670.23","7670.37","7670.37","7670.37","7670.37","7670.37","7670.37","7670.37","7670.37","7638.576","7638.576","7638.576","7638.576","7639.515","7639.515","7639.515","7639.515"
"2003:Q4","7751.839","7751.839","7751.839","7751.839","7751.839","7751.839","7751.839","7751.839","7750.736","7750.736","7750.736","7750.736","7750.736","7750.736","7750.736","7750.736","7728.674","7728.674","7728.674","7728.674","7732.667","7732.667","7732.667","7732.667"
"2004:Q1","7895.774","7895.774","7895.774","7895.774","7895.774","7895.774","7895.774","7895.774","7888.655","7888.655","7888.655","7888.655","7888.655","7888.655","7888.655","7888.655","7870.687","7870.687","7870.687","7870.687","7870.7","7870.7","7870.7","7870.7"
"2004:Q2","7999.619","7999.619","7999.619","7999.619","7999.619","7999.619","7999.619","7999.619","7984.309","7984.309","7984.309","7984.309","7984.309","7984.309","7984.309","7984.309","7976.818","7976.818","7976.818","7976.818","7979.558","7979.558","7979.558","7979.558"
"2004:Q3","8120.338","8120.338","8120.338","8120.338","8120.338","8120.338","8120.338","8120.338","8106.733","8106.733","8106.733","8106.733","8106.733","8106.733","8106.733","8106.733","8102.44","8102.44","8102.44","8102.44","8105.761","8105.761","8105.761","8105.761"
"2004:Q4","8284.514","8284.514","8284.514","8284.514","8284.514","8284.514","8284.514","8284.514","8265.093","8265.093","8265.093","8265.093","8265.093","8265.093","8265.093","8265.093","8255.594","8255.594","8255.594","8255.594","8258.565","8258.565","8258.565","8258.565"
"2005:Q1","8400.188","8400.188","8400.188","8400.188","8400.188","8400.188","8400.188","8400.188","8391.786","8391.786","8391.786","8391.786","8391.786","8391.786","8391.786","8391.786","8372.562","8372.562","8372.562","8372.562","8372.21","8372.21","8372.21","8372.21"
"2005:Q2","8536.478","8536.478","8536.478","8536.478","8536.478","8536.478","8536.478","8536.478","8525.029","8525.029","8525.029","8525.029","8525.029","8525.029","8525.029","8525.029","8513.255","8513.255","8513.255","8513.255","8516.611","8516.611","8516.611","8516.611"
"2005:Q3","8694.088","8694.088","8694.088","8694.088","8694.088","8694.088","8694.088","8694.088","8681.729","8681.729","8681.729","8681.729","8681.729","8681.729","8681.729","8681.729","8671.558","8671.558","8671.558","8671.558","8677.575","8677.575","8677.575","8677.575"
"2005:Q4","8788.938","8788.938","8788.938","8788.938","8788.938","8788.938","8788.938","8788.938","8768.726","8768.726","8768.726","8768.726","8768.726","8768.726","8768.726","8768.726","8762.916","8762.916","8762.916","8762.916","8768.97","8768.97","8768.97","8768.97"
"2006:Q1","8920.999","8920.999","8920.999","8920.999","8920.999","8920.999","8920.999","8920.999","8896.556","8896.556","8896.556","8896.556","8896.556","8896.556","8896.556","8896.556","8896.502","8896.502","8896.502","8896.502","8902.66","8902.66","8902.66","8902.66"
"2006:Q2","9029.372","9029.372","9029.372","9029.372","9029.372","9029.372","9029.372","9029.372","9012.757","9012.757","9012.757","9012.757","9012.757","9012.757","9012.757","9012.757","9007.186","9007.186","9007.186","9007.186","9013.721","9013.721","9013.721","9013.721"
"2006:Q3","9143.63","9143.63","9143.63","9143.63","9143.63","9143.63","9143.63","9143.63","9125.456","9125.456","9125.456","9125.456","9125.456","9125.456","9125.456","9125.456","9126.416","9126.416","9126.416","9126.416","9131.088","9131.088","9131.088","9131.088"
"2006:Q4","9235.255","9235.255","9235.255","9235.255","9235.255","9235.255","9235.255","9235.255","9209.305","9209.305","9209.305","9209.305","9209.305","9209.305","9209.305","9209.305","9203.0","9203.0","9203.0","9203.0","9211.768","9211.768","9211.768","9211.768"
"2007:Q1","9409.951","9409.951","9409.951","9409.951","9383.616","9383.616","9383.616","9383.616","9352.957","9352.957","9352.957","9352.957","9352.957","9352.957","9352.957","9352.957","9342.385","9342.385","9342.385","9342.385","9345.778","9345.778","9345.778","9345.778"
"2007:Q2","9517.717","9517.717","9517.717","9517.717","9507.605","9507.605","9507.605","9507.605","9475.493","9475.493","9475.493","9475.493","9475.493","9475.493","9475.493","9475.493","9453.71","9453.71","9453.71","9453.71","9457.958","9457.958","9457.958","9457.958"
"2007:Q3","9609.354","9609.354","9609.354","9609.354","9594.096","9594.096","9594.096","9594.096","9560.978","9560.978","9560.978","9560.978","9560.978","9560.978","9560.978","9560.978","9541.829","9541.829","9541.829","9541.829","9550.874","9550.874","9550.874","9550.874"
"2007:Q4","9754.749","9754.749","9754.749","9754.749","9723.265","9723.265","9723.265","9723.265","9683.994","9683.994","9683.994","9683.994","9683.994","9683.994","9683.994","9683.994","9644.746","9644.746","9644.746","9644.746","9652.3","9652.3","9652.3","9652.3"
"2008:Q1","9824.658","9824.658","9824.658","9824.658","9794.316","9794.316","9794.316","9794.316","9747.299","9747.299","9747.299","9747.299","9747.299","9747.299","9747.299","9747.299","9700.369","9700.369","9700.369","9700.369","9707.619","9707.619","9707.619","9707.619"
"2008:Q2","9920.972","9920.972","9920.972","9920.972","9908.48","9908.48","9908.48","9908.48","9844.676","9844.676","9844.676","9844.676","9844.676","9844.676","9844.676","9844.676","9811.6","9811.6","9811.6","9811.6","9816.979","9816.979","9816.979","9816.979"
"2008:Q3","9937.51","9937.51","9937.51","9937.51","9919.337","9919.337","9919.337","9919.337","9845.24","9845.24","9845.24","9845.24","9845.24","9845.24","9845.24","9845.24","9824.982","9824.982","9824.982","9824.982","9836.672","9836.672","9836.672","9836.672"
"2008:Q4","9721.64","9721.64","9721.64","9721.64","9680.511","9680.511","9680.511","9680.511","9566.53","9566.53","9566.53","9566.53","9566.53","9566.53","9566.53","9566.53","9556.476","9556.476","9556.476","9556.476","9564.741","9564.741","9564.741","9564.741"
"2009:Q1","9719.617","9719.617","9719.617","9719.617","9647.972","9647.972","9647.972","9647.972","9497.583","9497.583","9497.583","9497.583","9486.081","9486.081","9486.081","9486.081","9482.253","9482.253","9482.253","9482.253","9489.22","9489.22","9489.22","9489.22"
"2009:Q2","9725.672","9739.665","9739.665","9739.665","9669.208","9669.208","9669.208","9669.208","9504.894","9504.894","9504.894","9504.894","9487.524","9487.524","9487.524","9487.524","9491.573","9491.573","9491.573","9491.573","9496.438","9496.438","9496.438","9496.438"
"2009:Q3","#N/A","9891.746","9867.989","9867.989","9783.626","9783.626","9783.626","9783.626","9632.291","9632.291","9632.291","9632.291","9610.978","9610.978","9610.978","9610.978","9614.057","9614.057","9614.057","9614.057","9617.445","9617.445","9617.445","9617.445"
"2009:Q4","#N/A","#N/A","9982.102","9967.386","9869.099","9869.099","9869.099","9869.099","9708.666","9708.666","9708.666","9708.666","9680.991","9680.991","9680.991","9680.991","9679.81","9679.81","9679.81","9679.81","9680.713","9680.713","9680.713","9680.713"
"2010:Q1","#N/A","#N/A","#N/A","10094.746","9969.542","9969.542","9969.542","9969.542","9822.117","9822.117","9822.117","9822.117","9790.676","9790.676","9790.676","9790.676","9766.415","9766.415","9766.415","9766.415","9768.641","9768.641","9768.641","9768.641"
"2010:Q2","#N/A","#N/A","#N/A","#N/A","10009.155","10020.666","10020.666","10020.666","9902.336","9902.336","9902.336","9902.336","9868.002","9868.002","9868.002","9868.002","9857.361","9857.361","9857.361","9857.361","9860.321","9860.321","9860.321","9860.321"
"2010:Q3","#N/A","#N/A","#N/A","#N/A","#N/A","10107.329","10098.817","10098.817","9997.355","9997.355","9997.355","9997.355","9964.566","9964.566","9964.566","9964.566","9959.547","9959.547","9959.547","9959.547","9958.712","9958.712","9958.712","9958.712"
"2010:Q4","#N/A","#N/A","#N/A","#N/A","#N/A","#N/A","10253.994","10246.589","10139.419","10139.419","10139.419","10139.419","10121.02","10121.02","10121.02","10121.02","10122.811","10122.811","10122.811","10122.811","10119.701","10119.701","10119.701","10119.701"
"2011:Q1","#N/A","#N/A","#N/A","#N/A","#N/A","#N/A","#N/A","10417.648","10292.222","10292.222","10292.222","10292.222","10283.548","10283.548","10283.548","10283.548","10254.881","10254.881","10254.881","10254.881","10251.706","10251.706","10251.706","10251.706"
"2011:Q2","#N/A","#N/A","#N/A","#N/A","#N/A","#N/A","#N/A","#N/A","10375.449","10394.343","10394.343","10394.343","10394.749","10394.749","10394.749","10394.749","10386.963","10386.963","10386.963","10386.963","10378.323","10378.323","10378.323","10378.323"
"2011:Q3","#N/A","#N/A","#N/A","#N/A","#N/A","#N/A","#N/A","#N/A","#N/A","10521.111","10495.673","10495.673","10491.607","10491.607","10491.607","10491.607","10493.877","10493.877","10493.877","10493.877","10474.734","10474.734","10474.734","10474.734"
"2011:Q4","#N/A","#N/A","#N/A","#N/A","#N/A","#N/A","#N/A","#N/A","#N/A","#N/A","10566.014","10583.627","10578.498","10578.498","10578.498","10578.498","10599.846","10599.846","10599.846","10599.846","10552.452","10552.452","10552.452","10552.452"
"2012:Q1","#N/A","#N/A","#N/A","#N/A","#N/A","#N/A","#N/A","#N/A","#N/A","#N/A","#N/A","10718.693","10712.263","10712.263","10712.263","10712.266","10738.865","10738.865","10738.865","10738.865","10681.363","10681.363","10681.363","10681.363"
"2012:Q2","#N/A","#N/A","#N/A","#N/A","#N/A","#N/A","#N/A","#N/A","#N/A","#N/A","#N/A","#N/A","10769.076","10760.851","10760.851","10760.853","10809.715","10809.715","10809.715","10809.715","10742.962","10742.962","10742.962","10742.962"
"2012:Q3","#N/A","#N/A","#N/A","#N/A","#N/A","#N/A","#N/A","#N/A","#N/A","#N/A","#N/A","#N/A","#N/A","10858.91","10853.103","10853.11","10902.134","10902.134","10902.134","10902.134","10832.988","10832.988","10832.988","10832.988"
"2012:Q4","#N/A","#N/A","#N/A","#N/A","#N/A","#N/A","#N/A","#N/A","#N/A","#N/A","#N/A","#N/A","#N/A","#N/A","10942.611","10946.623","10985.738","10985.738","10985.738","10985.738","10921.446","10921.446","10921.446","10921.446"
"2013:Q1","#N/A","#N/A","#N/A","#N/A","#N/A","#N/A","#N/A","#N/A","#N/A","#N/A","#N/A","#N/A","#N/A","#N/A","#N/A","11065.706","11095.421","11095.421","11095.421","11095.421","11055.238","11055.238","11055.238","11055.238"
"2013:Q2","#N/A","#N/A","#N/A","#N/A","#N/A","#N/A","#N/A","#N/A","#N/A","#N/A","#N/A","#N/A","#N/A","#N/A","#N/A","#N/A","11148.19","11138.728","11138.728","11138.728","11110.982","11110.982","11110.982","11110.982"
"2013:Q3","#N/A","#N/A","#N/A","#N/A","#N/A","#N/A","#N/A","#N/A","#N/A","#N/A","#N/A","#N/A","#N/A","#N/A","#N/A","#N/A","#N/A","11233.668","11244.496","11244.496","11210.759","11210.759","11210.759","11210.759"
"2013:Q4","#N/A","#N/A","#N/A","#N/A","#N/A","#N/A","#N/A","#N/A","#N/A","#N/A","#N/A","#N/A","#N/A","#N/A","#N/A","#N/A","#N/A","#N/A","11356.269","11369.481","11337.825","11337.825","11337.825","11337.825"
"2014:Q1","#N/A","#N/A","#N/A","#N/A","#N/A","#N/A","#N/A","#N/A","#N/A","#N/A","#N/A","#N/A","#N/A","#N/A","#N/A","#N/A","#N/A","#N/A","#N/A","11494.608","11409.046","11409.046","11409.046","11409.046"
"2014:Q2","#N/A","#N/A","#N/A","#N/A","#N/A","#N/A","#N/A","#N/A","#N/A","#N/A","#N/A","#N/A","#N/A","#N/A","#N/A","#N/A","#N/A","#N/A","#N/A","#N/A","11541.122","11546.407","11546.407","11546.407"
"2014:Q3","#N/A","#N/A","#N/A","#N/A","#N/A","#N/A","#N/A","#N/A","#N/A","#N/A","#N/A","#N/A","#N/A","#N/A","#N/A","#N/A","#N/A","#N/A","#N/A","#N/A","#N/A","11628.814","11669.712","11669.712"
"2014:Q4","#N/A","#N/A","#N/A","#N/A","#N/A","#N/A","#N/A","#N/A","#N/A","#N/A","#N/A","#N/A","#N/A","#N/A","#N/A","#N/A","#N/A","#N/A","#N/A","#N/A","#N/A","#N/A","11774.723","11784.172"
"2015:Q1","#N/A","#N/A","#N/A","#N/A","#N/A","#N/A","#N/A","#N/A","#N/A","#N/A","#N/A","#N/A","#N/A","#N/A","#N/A","#N/A","#N/A","#N/A","#N/A","#N/A","#N/A","#N/A","#N/A","11786.135"
