"DATE","pconshh09Q3","pconshh09Q4","pconshh10Q1","pconshh10Q2","pconshh10Q3","pconshh10Q4","pconshh11Q1","pconshh11Q2","pconshh11Q3","pconshh11Q4","pconshh12Q1","pconshh12Q2","pconshh12Q3","pconshh12Q4","pconshh13Q1","pconshh13Q2","pconshh13Q3","pconshh13Q4","pconshh14Q1","pconshh14Q2","pconshh14Q3","pconshh14Q4","pconshh15Q1","pconshh15Q2"
"1947:Q1","8.633","8.633","8.633","8.633","8.633","8.633","8.633","8.633","8.632","8.632","8.632","8.632","8.632","8.632","8.632","8.632","7.985","7.985","7.985","7.985","7.986","7.986","7.986","7.986"
"1947:Q2","8.68","8.68","8.68","8.68","8.68","8.68","8.68","8.68","8.679","8.679","8.679","8.679","8.679","8.679","8.679","8.679","8.028","8.028","8.028","8.028","8.029","8.029","8.029","8.029"
"1947:Q3","8.883","8.883","8.883","8.883","8.883","8.883","8.883","8.883","8.882","8.882","8.882","8.882","8.882","8.882","8.882","8.882","8.216","8.216","8.216","8.216","8.216","8.216","8.216","8.216"
"1947:Q4","9.083","9.083","9.083","9.083","9.083","9.083","9.083","9.083","9.082","9.082","9.082","9.082","9.082","9.082","9.082","9.082","8.402","8.402","8.402","8.402","8.402","8.402","8.402","8.402"
"1948:Q1","9.134","9.134","9.134","9.134","9.134","9.134","9.134","9.134","9.133","9.133","9.133","9.133","9.133","9.133","9.133","9.133","8.449","8.449","8.449","8.449","8.449","8.449","8.449","8.449"
"1948:Q2","9.221","9.221","9.221","9.221","9.221","9.221","9.221","9.221","9.22","9.22","9.22","9.22","9.22","9.22","9.22","9.22","8.529","8.529","8.529","8.529","8.529","8.529","8.529","8.529"
"1948:Q3","9.36","9.36","9.36","9.36","9.36","9.36","9.36","9.36","9.359","9.359","9.359","9.359","9.359","9.359","9.359","9.359","8.657","8.657","8.657","8.657","8.658","8.658","8.658","8.658"
"1948:Q4","9.395","9.395","9.395","9.395","9.395","9.395","9.395","9.395","9.394","9.394","9.394","9.394","9.394","9.394","9.394","9.394","8.69","8.69","8.69","8.69","8.69","8.69","8.69","8.69"
"1949:Q1","9.391","9.391","9.391","9.391","9.391","9.391","9.391","9.391","9.39","9.39","9.39","9.39","9.39","9.39","9.39","9.39","8.687","8.687","8.687","8.687","8.687","8.687","8.687","8.687"
"1949:Q2","9.411","9.411","9.411","9.411","9.411","9.411","9.411","9.411","9.41","9.41","9.41","9.41","9.41","9.41","9.41","9.41","8.705","8.705","8.705","8.705","8.705","8.705","8.705","8.705"
"1949:Q3","9.441","9.441","9.441","9.441","9.441","9.441","9.441","9.441","9.44","9.44","9.44","9.44","9.44","9.44","9.44","9.44","8.733","8.733","8.733","8.733","8.733","8.733","8.733","8.733"
"1949:Q4","9.509","9.509","9.509","9.509","9.509","9.509","9.509","9.509","9.508","9.508","9.508","9.508","9.508","9.508","9.508","9.508","8.796","8.796","8.796","8.796","8.796","8.796","8.796","8.796"
"1950:Q1","9.548","9.548","9.548","9.548","9.548","9.548","9.548","9.548","9.547","9.547","9.547","9.547","9.547","9.547","9.547","9.547","8.832","8.832","8.832","8.832","8.832","8.832","8.832","8.832"
"1950:Q2","9.583","9.583","9.583","9.583","9.583","9.583","9.583","9.583","9.582","9.582","9.582","9.582","9.582","9.582","9.582","9.582","8.864","8.864","8.864","8.864","8.864","8.864","8.864","8.864"
"1950:Q3","9.727","9.727","9.727","9.727","9.727","9.727","9.727","9.727","9.726","9.726","9.726","9.726","9.726","9.726","9.726","9.726","8.997","8.997","8.997","8.997","8.997","8.997","8.997","8.997"
"1950:Q4","9.846","9.846","9.846","9.846","9.846","9.846","9.846","9.846","9.845","9.845","9.845","9.845","9.845","9.845","9.845","9.845","9.107","9.107","9.107","9.107","9.107","9.107","9.107","9.107"
"1951:Q1","10.022","10.022","10.022","10.022","10.022","10.022","10.022","10.022","10.021","10.021","10.021","10.021","10.021","10.021","10.021","10.021","9.27","9.27","9.27","9.27","9.27","9.27","9.27","9.27"
"1951:Q2","10.093","10.093","10.093","10.093","10.093","10.093","10.093","10.093","10.092","10.092","10.092","10.092","10.092","10.092","10.092","10.092","9.336","9.336","9.336","9.336","9.336","9.336","9.336","9.336"
"1951:Q3","10.147","10.147","10.147","10.147","10.147","10.147","10.147","10.147","10.146","10.146","10.146","10.146","10.146","10.146","10.146","10.146","9.386","9.386","9.386","9.386","9.386","9.386","9.386","9.386"
"1951:Q4","10.305","10.305","10.305","10.305","10.305","10.305","10.305","10.305","10.304","10.304","10.304","10.304","10.304","10.304","10.304","10.304","9.532","9.532","9.532","9.532","9.532","9.532","9.532","9.532"
"1952:Q1","10.38","10.38","10.38","10.38","10.38","10.38","10.38","10.38","10.379","10.379","10.379","10.379","10.379","10.379","10.379","10.379","9.602","9.602","9.602","9.602","9.602","9.602","9.602","9.602"
"1952:Q2","10.466","10.466","10.466","10.466","10.466","10.466","10.466","10.466","10.466","10.466","10.466","10.466","10.466","10.466","10.466","10.466","9.681","9.681","9.681","9.681","9.682","9.682","9.682","9.682"
"1952:Q3","10.581","10.581","10.581","10.581","10.581","10.581","10.581","10.581","10.58","10.58","10.58","10.58","10.58","10.58","10.58","10.58","9.787","9.787","9.787","9.787","9.788","9.788","9.788","9.788"
"1952:Q4","10.667","10.667","10.667","10.667","10.667","10.667","10.667","10.667","10.666","10.666","10.666","10.666","10.666","10.666","10.666","10.666","9.867","9.867","9.867","9.867","9.867","9.867","9.867","9.867"
"1953:Q1","10.778","10.778","10.778","10.778","10.778","10.778","10.778","10.778","10.777","10.777","10.777","10.777","10.777","10.777","10.777","10.777","9.969","9.969","9.969","9.969","9.97","9.97","9.97","9.97"
"1953:Q2","10.862","10.862","10.862","10.862","10.862","10.862","10.862","10.862","10.861","10.861","10.861","10.861","10.861","10.861","10.861","10.861","10.047","10.047","10.047","10.047","10.048","10.048","10.048","10.048"
"1953:Q3","11.005","11.005","11.005","11.005","11.005","11.005","11.005","11.005","11.004","11.004","11.004","11.004","11.004","11.004","11.004","11.004","10.18","10.18","10.18","10.18","10.18","10.18","10.18","10.18"
"1953:Q4","11.115","11.115","11.115","11.115","11.115","11.115","11.115","11.115","11.114","11.114","11.114","11.114","11.114","11.114","11.114","11.114","10.281","10.281","10.281","10.281","10.281","10.281","10.281","10.281"
"1954:Q1","11.177","11.177","11.177","11.177","11.177","11.177","11.177","11.177","11.176","11.176","11.176","11.176","11.176","11.176","11.176","11.176","10.338","10.338","10.338","10.338","10.339","10.339","10.339","10.339"
"1954:Q2","11.199","11.199","11.199","11.199","11.199","11.199","11.199","11.199","11.198","11.198","11.198","11.198","11.198","11.198","11.198","11.198","10.359","10.359","10.359","10.359","10.359","10.359","10.359","10.359"
"1954:Q3","11.218","11.218","11.218","11.218","11.218","11.218","11.218","11.218","11.217","11.217","11.217","11.217","11.217","11.217","11.217","11.217","10.377","10.377","10.377","10.377","10.377","10.377","10.377","10.377"
"1954:Q4","11.267","11.267","11.267","11.267","11.267","11.267","11.267","11.267","11.266","11.266","11.266","11.266","11.266","11.266","11.266","11.266","10.422","10.422","10.422","10.422","10.422","10.422","10.422","10.422"
"1955:Q1","11.332","11.332","11.332","11.332","11.332","11.332","11.332","11.332","11.331","11.331","11.331","11.331","11.331","11.331","11.331","11.331","10.482","10.482","10.482","10.482","10.482","10.482","10.482","10.482"
"1955:Q2","11.373","11.373","11.373","11.373","11.373","11.373","11.373","11.373","11.372","11.372","11.372","11.372","11.372","11.372","11.372","11.372","10.52","10.52","10.52","10.52","10.52","10.52","10.52","10.52"
"1955:Q3","11.426","11.426","11.426","11.426","11.426","11.426","11.426","11.426","11.426","11.426","11.426","11.426","11.426","11.426","11.426","11.426","10.569","10.569","10.569","10.569","10.57","10.57","10.57","10.57"
"1955:Q4","11.492","11.492","11.492","11.492","11.492","11.492","11.492","11.492","11.491","11.491","11.491","11.491","11.491","11.491","11.491","11.491","10.63","10.63","10.63","10.63","10.63","10.63","10.63","10.63"
"1956:Q1","11.556","11.556","11.556","11.556","11.556","11.556","11.556","11.556","11.555","11.555","11.555","11.555","11.555","11.555","11.555","11.555","10.689","10.689","10.689","10.689","10.69","10.69","10.69","10.69"
"1956:Q2","11.623","11.623","11.623","11.623","11.623","11.623","11.623","11.623","11.622","11.622","11.622","11.622","11.622","11.622","11.622","11.622","10.751","10.751","10.751","10.751","10.751","10.751","10.751","10.751"
"1956:Q3","11.719","11.719","11.719","11.719","11.719","11.719","11.719","11.719","11.718","11.718","11.718","11.718","11.718","11.718","11.718","11.718","10.84","10.84","10.84","10.84","10.84","10.84","10.84","10.84"
"1956:Q4","11.788","11.788","11.788","11.788","11.788","11.788","11.788","11.788","11.787","11.787","11.787","11.787","11.787","11.787","11.787","11.787","10.904","10.904","10.904","10.904","10.904","10.904","10.904","10.904"
"1957:Q1","11.894","11.894","11.894","11.894","11.894","11.894","11.894","11.894","11.893","11.893","11.893","11.893","11.893","11.893","11.893","11.893","11.001","11.001","11.001","11.001","11.002","11.002","11.002","11.002"
"1957:Q2","11.949","11.949","11.949","11.949","11.949","11.949","11.949","11.949","11.948","11.948","11.948","11.948","11.948","11.948","11.948","11.948","11.052","11.052","11.052","11.052","11.052","11.052","11.052","11.052"
"1957:Q3","12.049","12.049","12.049","12.049","12.049","12.049","12.049","12.049","12.048","12.048","12.048","12.048","12.048","12.048","12.048","12.048","11.145","11.145","11.145","11.145","11.145","11.145","11.145","11.145"
"1957:Q4","12.135","12.135","12.135","12.135","12.135","12.135","12.135","12.135","12.134","12.134","12.134","12.134","12.134","12.134","12.134","12.134","11.225","11.225","11.225","11.225","11.225","11.225","11.225","11.225"
"1958:Q1","12.222","12.222","12.222","12.222","12.222","12.222","12.222","12.222","12.221","12.221","12.221","12.221","12.221","12.221","12.221","12.221","11.305","11.305","11.305","11.305","11.306","11.306","11.306","11.306"
"1958:Q2","12.266","12.266","12.266","12.266","12.266","12.266","12.266","12.266","12.265","12.265","12.265","12.265","12.265","12.265","12.265","12.265","11.346","11.346","11.346","11.346","11.346","11.346","11.346","11.346"
"1958:Q3","12.323","12.323","12.323","12.323","12.323","12.323","12.323","12.323","12.322","12.322","12.322","12.322","12.322","12.322","12.322","12.322","11.399","11.399","11.399","11.399","11.399","11.399","11.399","11.399"
"1958:Q4","12.389","12.389","12.389","12.389","12.389","12.389","12.389","12.389","12.388","12.388","12.388","12.388","12.388","12.388","12.388","12.388","11.46","11.46","11.46","11.46","11.46","11.46","11.46","11.46"
"1959:Q1","12.488","12.488","12.488","12.488","12.488","12.488","12.488","12.488","12.487","12.487","12.487","12.487","12.487","12.487","12.487","12.487","11.551","11.551","11.551","11.551","11.551","11.551","11.551","11.551"
"1959:Q2","12.571","12.571","12.571","12.571","12.571","12.571","12.571","12.571","12.57","12.57","12.57","12.57","12.57","12.57","12.57","12.57","11.628","11.628","11.628","11.628","11.629","11.629","11.629","11.629"
"1959:Q3","12.683","12.683","12.683","12.683","12.683","12.683","12.683","12.683","12.682","12.682","12.682","12.682","12.682","12.682","12.682","12.682","11.732","11.732","11.732","11.732","11.732","11.732","11.732","11.732"
"1959:Q4","12.8","12.8","12.8","12.8","12.8","12.8","12.8","12.8","12.799","12.799","12.799","12.799","12.799","12.799","12.799","12.799","11.84","11.84","11.84","11.84","11.84","11.84","11.84","11.84"
"1960:Q1","12.88","12.88","12.88","12.88","12.88","12.88","12.88","12.88","12.879","12.879","12.879","12.879","12.879","12.879","12.879","12.879","11.913","11.913","11.913","11.913","11.914","11.914","11.914","11.914"
"1960:Q2","12.969","12.969","12.969","12.969","12.969","12.969","12.969","12.969","12.968","12.968","12.968","12.968","12.968","12.968","12.968","12.968","11.996","11.996","11.996","11.996","11.996","11.996","11.996","11.996"
"1960:Q3","13.067","13.067","13.067","13.067","13.067","13.067","13.067","13.067","13.066","13.066","13.066","13.066","13.066","13.066","13.066","13.066","12.087","12.087","12.087","12.087","12.087","12.087","12.087","12.087"
"1960:Q4","13.139","13.139","13.139","13.139","13.139","13.139","13.139","13.139","13.137","13.137","13.137","13.137","13.137","13.137","13.137","13.137","12.153","12.153","12.153","12.153","12.153","12.153","12.153","12.153"
"1961:Q1","13.168","13.168","13.168","13.168","13.168","13.168","13.168","13.168","13.166","13.166","13.166","13.166","13.166","13.166","13.166","13.166","12.18","12.18","12.18","12.18","12.18","12.18","12.18","12.18"
"1961:Q2","13.221","13.221","13.221","13.221","13.221","13.221","13.221","13.221","13.22","13.22","13.22","13.22","13.22","13.22","13.22","13.22","12.23","12.23","12.23","12.23","12.23","12.23","12.23","12.23"
"1961:Q3","13.282","13.282","13.282","13.282","13.282","13.282","13.282","13.282","13.28","13.28","13.28","13.28","13.28","13.28","13.28","13.28","12.285","12.285","12.285","12.285","12.285","12.285","12.285","12.285"
"1961:Q4","13.339","13.339","13.339","13.339","13.339","13.339","13.339","13.339","13.338","13.338","13.338","13.338","13.338","13.338","13.338","13.338","12.338","12.338","12.338","12.338","12.339","12.339","12.339","12.339"
"1962:Q1","13.421","13.421","13.421","13.421","13.421","13.421","13.421","13.421","13.42","13.42","13.42","13.42","13.42","13.42","13.42","13.42","12.414","12.414","12.414","12.414","12.415","12.415","12.415","12.415"
"1962:Q2","13.487","13.487","13.487","13.487","13.487","13.487","13.487","13.487","13.486","13.486","13.486","13.486","13.486","13.486","13.486","13.486","12.475","12.475","12.475","12.475","12.476","12.476","12.476","12.476"
"1962:Q3","13.538","13.538","13.538","13.538","13.538","13.538","13.538","13.538","13.537","13.537","13.537","13.537","13.537","13.537","13.537","13.537","12.523","12.523","12.523","12.523","12.523","12.523","12.523","12.523"
"1962:Q4","13.582","13.582","13.582","13.582","13.582","13.582","13.582","13.582","13.581","13.581","13.581","13.581","13.581","13.581","13.581","13.581","12.563","12.563","12.563","12.563","12.563","12.563","12.563","12.563"
"1963:Q1","13.644","13.644","13.644","13.644","13.644","13.644","13.644","13.644","13.643","13.643","13.643","13.643","13.643","13.643","13.643","13.643","12.62","12.62","12.62","12.62","12.621","12.621","12.621","12.621"
"1963:Q2","13.682","13.682","13.682","13.682","13.682","13.682","13.682","13.682","13.681","13.681","13.681","13.681","13.681","13.681","13.681","13.681","12.656","12.656","12.656","12.656","12.656","12.656","12.656","12.656"
"1963:Q3","13.728","13.728","13.728","13.728","13.728","13.728","13.728","13.728","13.726","13.726","13.726","13.726","13.726","13.726","13.726","13.726","12.698","12.698","12.698","12.698","12.698","12.698","12.698","12.698"
"1963:Q4","13.801","13.801","13.801","13.801","13.801","13.801","13.801","13.801","13.799","13.799","13.799","13.799","13.799","13.799","13.799","13.799","12.765","12.765","12.765","12.765","12.766","12.766","12.766","12.766"
"1964:Q1","13.871","13.871","13.871","13.871","13.871","13.871","13.871","13.871","13.87","13.87","13.87","13.87","13.87","13.87","13.87","13.87","12.83","12.83","12.83","12.83","12.831","12.831","12.831","12.831"
"1964:Q2","13.944","13.944","13.944","13.944","13.944","13.944","13.944","13.944","13.943","13.943","13.943","13.943","13.943","13.943","13.943","13.943","12.898","12.898","12.898","12.898","12.898","12.898","12.898","12.898"
"1964:Q3","14.014","14.014","14.014","14.014","14.014","14.014","14.014","14.014","14.013","14.013","14.013","14.013","14.013","14.013","14.013","14.013","12.963","12.963","12.963","12.963","12.963","12.963","12.963","12.963"
"1964:Q4","14.078","14.078","14.078","14.078","14.078","14.078","14.078","14.078","14.077","14.077","14.077","14.077","14.077","14.077","14.077","14.077","13.022","13.022","13.022","13.022","13.022","13.022","13.022","13.022"
"1965:Q1","14.133","14.133","14.133","14.133","14.133","14.133","14.133","14.133","14.132","14.132","14.132","14.132","14.132","14.132","14.132","14.132","13.073","13.073","13.073","13.073","13.073","13.073","13.073","13.073"
"1965:Q2","14.19","14.19","14.19","14.19","14.19","14.19","14.19","14.19","14.189","14.189","14.189","14.189","14.189","14.189","14.189","14.189","13.126","13.126","13.126","13.126","13.126","13.126","13.126","13.126"
"1965:Q3","14.263","14.263","14.263","14.263","14.263","14.263","14.263","14.263","14.261","14.261","14.261","14.261","14.261","14.261","14.261","14.261","13.193","13.193","13.193","13.193","13.193","13.193","13.193","13.193"
"1965:Q4","14.351","14.351","14.351","14.351","14.351","14.351","14.351","14.351","14.35","14.35","14.35","14.35","14.35","14.35","14.35","14.35","13.275","13.275","13.275","13.275","13.275","13.275","13.275","13.275"
"1966:Q1","14.441","14.441","14.441","14.441","14.441","14.441","14.441","14.441","14.439","14.439","14.439","14.439","14.439","14.439","14.439","14.439","13.357","13.357","13.357","13.357","13.358","13.358","13.358","13.358"
"1966:Q2","14.573","14.573","14.573","14.573","14.573","14.573","14.573","14.573","14.572","14.572","14.572","14.572","14.572","14.572","14.572","14.572","13.48","13.48","13.48","13.48","13.48","13.48","13.48","13.48"
"1966:Q3","14.707","14.707","14.707","14.707","14.707","14.707","14.707","14.707","14.706","14.706","14.706","14.706","14.706","14.706","14.706","14.706","13.604","13.604","13.604","13.604","13.604","13.604","13.604","13.604"
"1966:Q4","14.852","14.852","14.852","14.852","14.852","14.852","14.852","14.852","14.851","14.851","14.851","14.851","14.851","14.851","14.851","14.851","13.738","13.738","13.738","13.738","13.738","13.738","13.738","13.738"
"1967:Q1","14.957","14.957","14.957","14.957","14.957","14.957","14.957","14.957","14.956","14.956","14.956","14.956","14.956","14.956","14.956","14.956","13.835","13.835","13.835","13.835","13.835","13.835","13.835","13.835"
"1967:Q2","15.063","15.063","15.063","15.063","15.063","15.063","15.063","15.063","15.062","15.062","15.062","15.062","15.062","15.062","15.062","15.062","13.933","13.933","13.933","13.933","13.933","13.933","13.933","13.933"
"1967:Q3","15.18","15.18","15.18","15.18","15.18","15.18","15.18","15.18","15.179","15.179","15.179","15.179","15.179","15.179","15.179","15.179","14.042","14.042","14.042","14.042","14.042","14.042","14.042","14.042"
"1967:Q4","15.325","15.325","15.325","15.325","15.325","15.325","15.325","15.325","15.323","15.323","15.323","15.323","15.323","15.323","15.323","15.323","14.175","14.175","14.175","14.175","14.175","14.175","14.175","14.175"
"1968:Q1","15.509","15.509","15.509","15.509","15.509","15.509","15.509","15.509","15.507","15.507","15.507","15.507","15.507","15.507","15.507","15.507","14.345","14.345","14.345","14.345","14.346","14.346","14.346","14.346"
"1968:Q2","15.696","15.696","15.696","15.696","15.696","15.696","15.696","15.696","15.694","15.694","15.694","15.694","15.694","15.694","15.694","15.694","14.518","14.518","14.518","14.518","14.519","14.519","14.519","14.519"
"1968:Q3","15.878","15.878","15.878","15.878","15.878","15.878","15.878","15.878","15.876","15.876","15.876","15.876","15.876","15.876","15.876","15.876","14.686","14.686","14.686","14.686","14.687","14.687","14.687","14.687"
"1968:Q4","16.07","16.07","16.07","16.07","16.07","16.07","16.07","16.07","16.069","16.069","16.069","16.069","16.069","16.069","16.069","16.069","14.865","14.865","14.865","14.865","14.865","14.865","14.865","14.865"
"1969:Q1","16.272","16.272","16.272","16.272","16.272","16.272","16.272","16.272","16.271","16.271","16.271","16.271","16.271","16.271","16.271","16.271","15.052","15.052","15.052","15.052","15.052","15.052","15.052","15.052"
"1969:Q2","16.492","16.492","16.492","16.492","16.492","16.492","16.492","16.492","16.49","16.49","16.49","16.49","16.49","16.49","16.49","16.49","15.254","15.254","15.254","15.254","15.255","15.255","15.255","15.255"
"1969:Q3","16.71","16.71","16.71","16.71","16.71","16.71","16.71","16.71","16.709","16.709","16.709","16.709","16.709","16.709","16.709","16.709","15.457","15.457","15.457","15.457","15.457","15.457","15.457","15.457"
"1969:Q4","16.943","16.943","16.943","16.943","16.943","16.943","16.943","16.943","16.942","16.942","16.942","16.942","16.942","16.942","16.942","16.942","15.672","15.672","15.672","15.672","15.673","15.673","15.673","15.673"
"1970:Q1","17.176","17.176","17.176","17.176","17.176","17.176","17.176","17.176","17.174","17.174","17.174","17.174","17.174","17.174","17.174","17.174","15.887","15.887","15.887","15.887","15.887","15.887","15.887","15.887"
"1970:Q2","17.419","17.419","17.419","17.419","17.419","17.419","17.419","17.419","17.418","17.418","17.418","17.418","17.418","17.418","17.418","17.418","16.112","16.112","16.112","16.112","16.113","16.113","16.113","16.113"
"1970:Q3","17.638","17.638","17.638","17.638","17.638","17.638","17.638","17.638","17.637","17.637","17.637","17.637","17.637","17.637","17.637","17.637","16.315","16.315","16.315","16.315","16.316","16.316","16.316","16.316"
"1970:Q4","17.897","17.897","17.897","17.897","17.897","17.897","17.897","17.897","17.895","17.895","17.895","17.895","17.895","17.895","17.895","17.895","16.554","16.554","16.554","16.554","16.555","16.555","16.555","16.555"
"1971:Q1","18.136","18.136","18.136","18.136","18.136","18.136","18.136","18.136","18.134","18.134","18.134","18.134","18.134","18.134","18.134","18.134","16.775","16.775","16.775","16.775","16.776","16.776","16.776","16.776"
"1971:Q2","18.377","18.377","18.377","18.377","18.377","18.377","18.377","18.377","18.375","18.375","18.375","18.375","18.375","18.375","18.375","18.375","16.998","16.998","16.998","16.998","16.999","16.999","16.999","16.999"
"1971:Q3","18.634","18.634","18.634","18.634","18.634","18.634","18.634","18.634","18.632","18.632","18.632","18.632","18.632","18.632","18.632","18.632","17.236","17.236","17.236","17.236","17.237","17.237","17.237","17.237"
"1971:Q4","18.811","18.811","18.811","18.811","18.811","18.811","18.811","18.811","18.81","18.81","18.81","18.81","18.81","18.81","18.81","18.81","17.4","17.4","17.4","17.4","17.4","17.4","17.4","17.4"
"1972:Q1","19.018","19.018","19.018","19.018","19.018","19.018","19.018","19.018","19.016","19.016","19.016","19.016","19.016","19.016","19.016","19.016","17.591","17.591","17.591","17.591","17.592","17.592","17.592","17.592"
"1972:Q2","19.177","19.177","19.177","19.177","19.177","19.177","19.177","19.177","19.176","19.176","19.176","19.176","19.176","19.176","19.176","19.176","17.739","17.739","17.739","17.739","17.739","17.739","17.739","17.739"
"1972:Q3","19.364","19.364","19.364","19.364","19.364","19.364","19.364","19.364","19.362","19.362","19.362","19.362","19.362","19.362","19.362","19.362","17.911","17.911","17.911","17.911","17.911","17.911","17.911","17.911"
"1972:Q4","19.541","19.541","19.541","19.541","19.541","19.541","19.541","19.541","19.539","19.539","19.539","19.539","19.539","19.539","19.539","19.539","18.075","18.075","18.075","18.075","18.075","18.075","18.075","18.075"
"1973:Q1","19.713","19.713","19.713","19.713","19.713","19.713","19.713","19.713","19.712","19.712","19.712","19.712","19.712","19.712","19.712","19.712","18.234","18.234","18.234","18.234","18.235","18.235","18.235","18.235"
"1973:Q2","20.012","20.012","20.012","20.012","20.012","20.012","20.012","20.012","20.011","20.011","20.011","20.011","20.011","20.011","20.011","20.011","18.511","18.511","18.511","18.511","18.512","18.512","18.512","18.512"
"1973:Q3","20.345","20.345","20.345","20.345","20.345","20.345","20.345","20.345","20.343","20.343","20.343","20.343","20.343","20.343","20.343","20.343","18.818","18.818","18.818","18.818","18.819","18.819","18.819","18.819"
"1973:Q4","20.727","20.727","20.727","20.727","20.727","20.727","20.727","20.727","20.725","20.725","20.725","20.725","20.725","20.725","20.725","20.725","19.172","19.172","19.172","19.172","19.173","19.173","19.173","19.173"
"1974:Q1","21.138","21.138","21.138","21.138","21.138","21.138","21.138","21.138","21.137","21.137","21.137","21.137","21.137","21.137","21.137","21.137","19.553","19.553","19.553","19.553","19.553","19.553","19.553","19.553"
"1974:Q2","21.617","21.617","21.617","21.617","21.617","21.617","21.617","21.617","21.615","21.615","21.615","21.615","21.615","21.615","21.615","21.615","19.995","19.995","19.995","19.995","19.996","19.996","19.996","19.996"
"1974:Q3","22.124","22.124","22.124","22.124","22.124","22.124","22.124","22.124","22.122","22.122","22.122","22.122","22.122","22.122","22.122","22.122","20.464","20.464","20.464","20.464","20.465","20.465","20.465","20.465"
"1974:Q4","22.613","22.613","22.613","22.613","22.613","22.613","22.613","22.613","22.612","22.612","22.612","22.612","22.612","22.612","22.612","22.612","20.917","20.917","20.917","20.917","20.918","20.918","20.918","20.918"
"1975:Q1","23.126","23.126","23.126","23.126","23.126","23.126","23.126","23.126","23.124","23.124","23.124","23.124","23.124","23.124","23.124","23.124","21.391","21.391","21.391","21.391","21.391","21.391","21.391","21.391"
"1975:Q2","23.515","23.515","23.515","23.515","23.515","23.515","23.515","23.515","23.513","23.513","23.513","23.513","23.513","23.513","23.513","23.513","21.751","21.751","21.751","21.751","21.751","21.751","21.751","21.751"
"1975:Q3","23.939","23.939","23.939","23.939","23.939","23.939","23.939","23.939","23.937","23.937","23.937","23.937","23.937","23.937","23.937","23.937","22.144","22.144","22.144","22.144","22.144","22.144","22.144","22.144"
"1975:Q4","24.424","24.424","24.424","24.424","24.424","24.424","24.424","24.424","24.422","24.422","24.422","24.422","24.422","24.422","24.422","24.422","22.591","22.591","22.591","22.591","22.592","22.592","22.592","22.592"
"1976:Q1","24.822","24.822","24.822","24.822","24.822","24.822","24.822","24.822","24.82","24.82","24.82","24.82","24.82","24.82","24.82","24.82","22.96","22.96","22.96","22.96","22.96","22.96","22.96","22.96"
"1976:Q2","25.156","25.156","25.156","25.156","25.156","25.156","25.156","25.156","25.154","25.154","25.154","25.154","25.154","25.154","25.154","25.154","23.269","23.269","23.269","23.269","23.269","23.269","23.269","23.269"
"1976:Q3","25.615","25.615","25.615","25.615","25.615","25.615","25.615","25.615","25.613","25.613","25.613","25.613","25.613","25.613","25.613","25.613","23.694","23.694","23.694","23.694","23.694","23.694","23.694","23.694"
"1976:Q4","26.051","26.051","26.051","26.051","26.051","26.051","26.051","26.051","26.049","26.049","26.049","26.049","26.049","26.049","26.049","26.049","24.097","24.097","24.097","24.097","24.097","24.097","24.097","24.097"
"1977:Q1","26.555","26.555","26.555","26.555","26.555","26.555","26.555","26.555","26.553","26.553","26.553","26.553","26.553","26.553","26.553","26.553","24.563","24.563","24.563","24.563","24.564","24.564","24.564","24.564"
"1977:Q2","27.1","27.1","27.1","27.1","27.1","27.1","27.1","27.1","27.097","27.097","27.097","27.097","27.097","27.097","27.097","27.097","25.067","25.067","25.067","25.067","25.067","25.067","25.067","25.067"
"1977:Q3","27.612","27.612","27.612","27.612","27.612","27.612","27.612","27.612","27.61","27.61","27.61","27.61","27.61","27.61","27.61","27.61","25.541","25.541","25.541","25.541","25.541","25.541","25.541","25.541"
"1977:Q4","28.062","28.062","28.062","28.062","28.062","28.062","28.062","28.062","28.06","28.06","28.06","28.06","28.06","28.06","28.06","28.06","25.957","25.957","25.957","25.957","25.958","25.958","25.958","25.958"
"1978:Q1","28.609","28.609","28.609","28.609","28.609","28.609","28.609","28.609","28.606","28.606","28.606","28.606","28.606","28.606","28.606","28.606","26.463","26.463","26.463","26.463","26.463","26.463","26.463","26.463"
"1978:Q2","29.19","29.19","29.19","29.19","29.19","29.19","29.19","29.19","29.188","29.188","29.188","29.188","29.188","29.188","29.188","29.188","27.0","27.0","27.0","27.0","27.001","27.001","27.001","27.001"
"1978:Q3","29.726","29.726","29.726","29.726","29.726","29.726","29.726","29.726","29.724","29.724","29.724","29.724","29.724","29.724","29.724","29.724","27.496","27.496","27.496","27.496","27.497","27.497","27.497","27.497"
"1978:Q4","30.344","30.344","30.344","30.344","30.344","30.344","30.344","30.344","30.341","30.341","30.341","30.341","30.341","30.341","30.341","30.341","28.068","28.068","28.068","28.068","28.068","28.068","28.068","28.068"
"1979:Q1","30.761","30.761","30.761","30.761","30.761","30.761","30.761","30.761","30.759","30.759","30.759","30.759","30.759","30.759","30.759","30.759","28.454","28.454","28.454","28.454","28.454","28.454","28.454","28.454"
"1979:Q2","31.558","31.558","31.558","31.558","31.558","31.558","31.558","31.558","31.556","31.556","31.556","31.556","31.556","31.556","31.556","31.556","29.191","29.191","29.191","29.191","29.191","29.191","29.191","29.191"
"1979:Q3","32.286","32.286","32.286","32.286","32.286","32.286","32.286","32.286","32.283","32.283","32.283","32.283","32.283","32.283","32.283","32.283","29.864","29.864","29.864","29.864","29.865","29.865","29.865","29.865"
"1979:Q4","33.06","33.06","33.06","33.06","33.06","33.06","33.06","33.06","33.057","33.057","33.057","33.057","33.057","33.057","33.057","33.057","30.58","30.58","30.58","30.58","30.58","30.58","30.58","30.58"
"1980:Q1","33.887","33.887","33.887","33.887","33.887","33.887","33.887","33.887","33.884","33.884","33.884","33.884","33.884","33.884","33.884","33.884","31.345","31.345","31.345","31.345","31.345","31.345","31.345","31.345"
"1980:Q2","34.709","34.709","34.709","34.709","34.709","34.709","34.709","34.709","34.706","34.706","34.706","34.706","34.706","34.706","34.706","34.706","32.105","32.105","32.105","32.105","32.106","32.106","32.106","32.106"
"1980:Q3","35.649","35.649","35.649","35.649","35.649","35.649","35.649","35.649","35.646","35.646","35.646","35.646","35.646","35.646","35.646","35.646","32.975","32.975","32.975","32.975","32.975","32.975","32.975","32.975"
"1980:Q4","36.672","36.672","36.672","36.672","36.672","36.672","36.672","36.672","36.669","36.669","36.669","36.669","36.669","36.669","36.669","36.669","33.921","33.921","33.921","33.921","33.921","33.921","33.921","33.921"
"1981:Q1","37.673","37.673","37.673","37.673","37.673","37.673","37.673","37.673","37.67","37.67","37.67","37.67","37.67","37.67","37.67","37.67","34.847","34.847","34.847","34.847","34.847","34.847","34.847","34.847"
"1981:Q2","38.414","38.414","38.414","38.414","38.414","38.414","38.414","38.414","38.411","38.411","38.411","38.411","38.411","38.411","38.411","38.411","35.532","35.532","35.532","35.532","35.533","35.533","35.533","35.533"
"1981:Q3","39.293","39.293","39.293","39.293","39.293","39.293","39.293","39.293","39.29","39.29","39.29","39.29","39.29","39.29","39.29","39.29","36.345","36.345","36.345","36.345","36.346","36.346","36.346","36.346"
"1981:Q4","40.149","40.149","40.149","40.149","40.149","40.149","40.149","40.149","40.146","40.146","40.146","40.146","40.146","40.146","40.146","40.146","37.137","37.137","37.137","37.137","37.138","37.138","37.138","37.138"
"1982:Q1","40.929","40.929","40.929","40.929","40.929","40.929","40.929","40.929","40.926","40.926","40.926","40.926","40.926","40.926","40.926","40.926","37.859","37.859","37.859","37.859","37.859","37.859","37.859","37.859"
"1982:Q2","41.607","41.607","41.607","41.607","41.607","41.607","41.607","41.607","41.604","41.604","41.604","41.604","41.604","41.604","41.604","41.604","38.486","38.486","38.486","38.486","38.487","38.487","38.487","38.487"
"1982:Q3","42.478","42.478","42.478","42.478","42.478","42.478","42.478","42.478","42.474","42.474","42.474","42.474","42.474","42.474","42.474","42.474","39.291","39.291","39.291","39.291","39.292","39.292","39.292","39.292"
"1982:Q4","43.329","43.329","43.329","43.329","43.329","43.329","43.329","43.329","43.326","43.326","43.326","43.326","43.326","43.326","43.326","43.326","40.079","40.079","40.079","40.079","40.079","40.079","40.079","40.079"
"1983:Q1","44.055","44.055","44.055","44.055","44.055","44.055","44.055","44.055","44.051","44.051","44.051","44.051","44.051","44.051","44.051","44.051","40.749","40.749","40.749","40.749","40.75","40.75","40.75","40.75"
"1983:Q2","44.453","44.453","44.453","44.453","44.453","44.453","44.453","44.453","44.449","44.449","44.449","44.449","44.449","44.449","44.449","44.449","41.118","41.118","41.118","41.118","41.119","41.119","41.119","41.119"
"1983:Q3","45.304","45.304","45.304","45.304","45.304","45.304","45.304","45.304","45.301","45.301","45.301","45.301","45.301","45.301","45.301","45.301","41.905","41.905","41.905","41.905","41.906","41.906","41.906","41.906"
"1983:Q4","45.822","45.822","45.822","45.822","45.822","45.822","45.822","45.822","45.818","45.818","45.818","45.818","45.818","45.818","45.818","45.818","42.384","42.384","42.384","42.384","42.385","42.385","42.385","42.385"
"1984:Q1","46.433","46.433","46.433","46.433","46.433","46.433","46.433","46.433","46.429","46.429","46.429","46.429","46.429","46.429","46.429","46.429","42.95","42.95","42.95","42.95","42.951","42.951","42.951","42.951"
"1984:Q2","47.162","47.162","47.162","47.162","47.162","47.162","47.162","47.162","47.158","47.158","47.158","47.158","47.158","47.158","47.158","47.158","43.624","43.624","43.624","43.624","43.625","43.625","43.625","43.625"
"1984:Q3","47.763","47.763","47.763","47.763","47.763","47.763","47.763","47.763","47.759","47.759","47.759","47.759","47.759","47.759","47.759","47.759","44.179","44.179","44.179","44.179","44.18","44.18","44.18","44.18"
"1984:Q4","48.21","48.21","48.21","48.21","48.21","48.21","48.21","48.21","48.206","48.206","48.206","48.206","48.206","48.206","48.206","48.206","44.592","44.592","44.592","44.592","44.593","44.593","44.593","44.593"
"1985:Q1","48.898","48.898","48.898","48.898","48.898","48.898","48.898","48.898","48.894","48.894","48.894","48.894","48.894","48.894","48.894","48.894","45.335","45.335","45.335","45.335","45.336","45.336","45.336","45.336"
"1985:Q2","49.381","49.381","49.381","49.381","49.381","49.381","49.381","49.381","49.377","49.377","49.377","49.377","49.377","49.377","49.377","49.377","45.86","45.86","45.86","45.86","45.862","45.862","45.862","45.862"
"1985:Q3","49.906","49.906","49.906","49.906","49.906","49.906","49.906","49.906","49.901","49.901","49.901","49.901","49.901","49.901","49.901","49.901","46.479","46.479","46.479","46.479","46.48","46.48","46.48","46.48"
"1985:Q4","50.356","50.356","50.356","50.356","50.356","50.356","50.356","50.356","50.352","50.352","50.352","50.352","50.352","50.352","50.352","50.352","46.812","46.812","46.812","46.812","46.813","46.813","46.813","46.813"
"1986:Q1","51.154","51.154","51.154","51.154","51.154","51.154","51.154","51.154","51.15","51.15","51.15","51.15","51.15","51.15","51.15","51.15","47.546","47.546","47.546","47.546","47.547","47.547","47.547","47.547"
"1986:Q2","51.79","51.79","51.79","51.79","51.79","51.79","51.79","51.79","51.786","51.786","51.786","51.786","51.786","51.786","51.786","51.786","47.981","47.981","47.981","47.981","47.982","47.982","47.982","47.982"
"1986:Q3","52.304","52.304","52.304","52.304","52.304","52.304","52.304","52.304","52.3","52.3","52.3","52.3","52.3","52.3","52.3","52.3","48.263","48.263","48.263","48.263","48.264","48.264","48.264","48.264"
"1986:Q4","52.853","52.853","52.853","52.853","52.853","52.853","52.853","52.853","52.849","52.849","52.849","52.849","52.849","52.849","52.849","52.849","48.656","48.656","48.656","48.656","48.657","48.657","48.657","48.657"
"1987:Q1","53.302","53.302","53.302","53.302","53.302","53.302","53.302","53.302","53.297","53.297","53.297","53.297","53.297","53.297","53.297","53.297","48.852","48.852","48.852","48.852","48.853","48.853","48.853","48.853"
"1987:Q2","53.755","53.755","53.755","53.755","53.755","53.755","53.755","53.755","53.75","53.75","53.75","53.75","53.75","53.75","53.75","53.75","49.326","49.326","49.326","49.326","49.327","49.327","49.327","49.327"
"1987:Q3","54.38","54.38","54.38","54.38","54.38","54.38","54.38","54.38","54.376","54.376","54.376","54.376","54.376","54.376","54.376","54.376","49.819","49.819","49.819","49.819","49.82","49.82","49.82","49.82"
"1987:Q4","54.986","54.986","54.986","54.986","54.986","54.986","54.986","54.986","54.981","54.981","54.981","54.981","54.981","54.981","54.981","54.981","50.387","50.387","50.387","50.387","50.388","50.388","50.388","50.388"
"1988:Q1","55.746","55.746","55.746","55.746","55.746","55.746","55.746","55.746","55.742","55.742","55.742","55.742","55.742","55.742","55.742","55.742","51.017","51.017","51.017","51.017","51.018","51.018","51.018","51.018"
"1988:Q2","56.484","56.484","56.484","56.484","56.484","56.484","56.484","56.484","56.479","56.479","56.479","56.479","56.479","56.479","56.479","56.479","51.7","51.7","51.7","51.7","51.702","51.702","51.702","51.702"
"1988:Q3","57.27","57.27","57.27","57.27","57.27","57.27","57.27","57.27","57.265","57.265","57.265","57.265","57.265","57.265","57.265","57.265","52.416","52.416","52.416","52.416","52.417","52.417","52.417","52.417"
"1988:Q4","57.947","57.947","57.947","57.947","57.947","57.947","57.947","57.947","57.942","57.942","57.942","57.942","57.942","57.942","57.942","57.942","53.068","53.068","53.068","53.068","53.069","53.069","53.069","53.069"
"1989:Q1","58.751","58.751","58.751","58.751","58.751","58.751","58.751","58.751","58.746","58.746","58.746","58.746","58.746","58.746","58.746","58.746","53.727","53.727","53.727","53.727","53.729","53.729","53.729","53.729"
"1989:Q2","59.431","59.431","59.431","59.431","59.431","59.431","59.431","59.431","59.426","59.426","59.426","59.426","59.426","59.426","59.426","59.426","54.358","54.358","54.358","54.358","54.359","54.359","54.359","54.359"
"1989:Q3","60.032","60.032","60.032","60.032","60.032","60.032","60.032","60.032","60.027","60.027","60.027","60.027","60.027","60.027","60.027","60.027","54.931","54.931","54.931","54.931","54.932","54.932","54.932","54.932"
"1989:Q4","60.739","60.739","60.739","60.739","60.739","60.739","60.739","60.739","60.734","60.734","60.734","60.734","60.734","60.734","60.734","60.734","55.567","55.567","55.567","55.567","55.568","55.568","55.568","55.568"
"1990:Q1","61.569","61.569","61.569","61.569","61.569","61.569","61.569","61.569","61.563","61.563","61.563","61.563","61.563","61.563","61.563","61.563","56.241","56.241","56.241","56.241","56.242","56.242","56.242","56.242"
"1990:Q2","62.597","62.597","62.597","62.597","62.597","62.597","62.597","62.597","62.592","62.592","62.592","62.592","62.592","62.592","62.592","62.592","57.008","57.008","57.008","57.008","57.01","57.01","57.01","57.01"
"1990:Q3","63.426","63.426","63.426","63.426","63.426","63.426","63.426","63.426","63.421","63.421","63.421","63.421","63.421","63.421","63.421","63.421","57.742","57.742","57.742","57.742","57.743","57.743","57.743","57.743"
"1990:Q4","64.129","64.129","64.129","64.129","64.129","64.129","64.129","64.129","64.124","64.124","64.124","64.124","64.124","64.124","64.124","64.124","58.368","58.368","58.368","58.368","58.37","58.37","58.37","58.37"
"1991:Q1","64.904","64.904","64.904","64.904","64.904","64.904","64.904","64.904","64.898","64.898","64.898","64.898","64.898","64.898","64.898","64.898","58.933","58.933","58.933","58.933","58.934","58.934","58.934","58.934"
"1991:Q2","65.487","65.487","65.487","65.487","65.487","65.487","65.487","65.487","65.481","65.481","65.481","65.481","65.481","65.481","65.481","65.481","59.393","59.393","59.393","59.393","59.394","59.394","59.394","59.394"
"1991:Q3","66.291","66.291","66.291","66.291","66.291","66.291","66.291","66.291","66.286","66.286","66.286","66.286","66.286","66.286","66.286","66.286","60.04","60.04","60.04","60.04","60.041","60.041","60.041","60.041"
"1991:Q4","67.038","67.038","67.038","67.038","67.038","67.038","67.038","67.038","67.033","67.033","67.033","67.033","67.033","67.033","67.033","67.033","60.642","60.642","60.642","60.642","60.644","60.644","60.644","60.644"
"1992:Q1","67.932","67.932","67.932","67.932","67.932","67.932","67.932","67.932","67.927","67.927","67.927","67.927","67.927","67.927","67.927","67.927","61.285","61.285","61.285","61.285","61.286","61.286","61.286","61.286"
"1992:Q2","68.588","68.588","68.588","68.588","68.588","68.588","68.588","68.588","68.582","68.582","68.582","68.582","68.582","68.582","68.582","68.582","61.848","61.848","61.848","61.848","61.85","61.85","61.85","61.85"
"1992:Q3","69.149","69.149","69.149","69.149","69.149","69.149","69.149","69.149","69.143","69.143","69.143","69.143","69.143","69.143","69.143","69.143","62.336","62.336","62.336","62.336","62.338","62.338","62.338","62.338"
"1992:Q4","69.805","69.805","69.805","69.805","69.805","69.805","69.805","69.805","69.8","69.8","69.8","69.8","69.8","69.8","69.8","69.8","63.022","63.022","63.022","63.022","63.024","63.024","63.024","63.024"
"1993:Q1","70.315","70.315","70.315","70.315","70.315","70.315","70.315","70.315","70.309","70.309","70.309","70.309","70.309","70.309","70.309","70.309","63.601","63.601","63.601","63.601","63.602","63.602","63.602","63.602"
"1993:Q2","70.927","70.927","70.927","70.927","70.927","70.927","70.927","70.927","70.921","70.921","70.921","70.921","70.921","70.921","70.921","70.921","64.268","64.268","64.268","64.268","64.269","64.269","64.269","64.269"
"1993:Q3","71.412","71.412","71.412","71.412","71.412","71.412","71.412","71.412","71.406","71.406","71.406","71.406","71.406","71.406","71.406","71.406","64.797","64.797","64.797","64.797","64.798","64.798","64.798","64.798"
"1993:Q4","71.81","71.81","71.81","71.81","71.81","71.81","71.81","71.81","71.804","71.804","71.804","71.804","71.804","71.804","71.804","71.804","65.194","65.194","65.194","65.194","65.196","65.196","65.196","65.196"
"1994:Q1","72.329","72.329","72.329","72.329","72.329","72.329","72.329","72.329","72.323","72.323","72.323","72.323","72.323","72.323","72.323","72.323","65.622","65.622","65.622","65.622","65.624","65.624","65.624","65.624"
"1994:Q2","72.805","72.805","72.805","72.805","72.805","72.805","72.805","72.805","72.799","72.799","72.799","72.799","72.799","72.799","72.799","72.799","66.079","66.079","66.079","66.079","66.081","66.081","66.081","66.081"
"1994:Q3","73.359","73.359","73.359","73.359","73.359","73.359","73.359","73.359","73.353","73.353","73.353","73.353","73.353","73.353","73.353","73.353","66.471","66.471","66.471","66.471","66.473","66.473","66.473","66.473"
"1994:Q4","73.852","73.852","73.852","73.852","73.852","73.852","73.852","73.852","73.846","73.846","73.846","73.846","73.846","73.846","73.846","73.846","66.911","66.911","66.911","66.911","66.912","66.912","66.912","66.912"
"1995:Q1","74.491","74.491","74.491","74.491","74.491","74.491","74.491","74.491","74.484","74.484","74.484","74.484","74.484","74.484","74.484","74.484","67.422","67.422","67.422","67.422","67.424","67.424","67.424","67.424"
"1995:Q2","75.098","75.098","75.098","75.098","75.098","75.098","75.098","75.098","75.092","75.092","75.092","75.092","75.092","75.092","75.092","75.092","67.953","67.953","67.953","67.953","67.954","67.954","67.954","67.954"
"1995:Q3","75.588","75.588","75.588","75.588","75.588","75.588","75.588","75.588","75.581","75.581","75.581","75.581","75.581","75.581","75.581","75.581","68.373","68.373","68.373","68.373","68.375","68.375","68.375","68.375"
"1995:Q4","76.116","76.116","76.116","76.116","76.116","76.116","76.116","76.116","76.11","76.11","76.11","76.11","76.11","76.11","76.11","76.11","68.86","68.86","68.86","68.86","68.862","68.862","68.862","68.862"
"1996:Q1","76.537","76.537","76.537","76.537","76.537","76.537","76.537","76.537","76.53","76.53","76.53","76.53","76.53","76.53","76.53","76.53","69.212","69.212","69.212","69.212","69.214","69.214","69.214","69.214"
"1996:Q2","77.115","77.115","77.115","77.115","77.115","77.115","77.115","77.115","77.108","77.108","77.108","77.108","77.108","77.108","77.108","77.108","69.747","69.747","69.747","69.747","69.748","69.748","69.748","69.748"
"1996:Q3","77.764","77.764","77.764","77.764","77.764","77.764","77.764","77.764","77.757","77.757","77.757","77.757","77.757","77.757","77.757","77.757","70.298","70.298","70.298","70.298","70.3","70.3","70.3","70.3"
"1996:Q4","78.412","78.412","78.412","78.412","78.412","78.412","78.412","78.412","78.406","78.406","78.406","78.406","78.406","78.406","78.406","78.406","70.866","70.866","70.866","70.866","70.867","70.867","70.867","70.867"
"1997:Q1","78.981","78.981","78.981","78.981","78.981","78.981","78.981","78.981","78.974","78.974","78.974","78.974","78.974","78.974","78.974","78.974","71.292","71.292","71.292","71.292","71.294","71.294","71.294","71.294"
"1997:Q2","79.572","79.572","79.572","79.572","79.572","79.572","79.572","79.572","79.565","79.565","79.565","79.565","79.565","79.565","79.565","79.565","71.802","71.802","71.802","71.802","71.803","71.803","71.803","71.803"
"1997:Q3","80.018","80.018","80.018","80.018","80.018","80.018","80.018","80.018","80.012","80.012","80.012","80.012","80.012","80.012","80.012","80.012","72.175","72.175","72.175","72.175","72.177","72.177","72.177","72.177"
"1997:Q4","80.489","80.489","80.489","80.489","80.489","80.489","80.489","80.489","80.482","80.482","80.482","80.482","80.482","80.482","80.482","80.482","72.541","72.541","72.541","72.541","72.542","72.542","72.542","72.542"
"1998:Q1","80.865","80.865","80.865","80.865","80.865","80.865","80.865","80.865","80.858","80.858","80.858","80.858","80.858","80.858","80.858","80.858","72.817","72.817","72.817","72.817","72.819","72.819","72.819","72.819"
"1998:Q2","81.301","81.301","81.301","81.301","81.301","81.301","81.301","81.301","81.295","81.295","81.295","81.295","81.295","81.295","81.295","81.295","73.145","73.145","73.145","73.145","73.147","73.147","73.147","73.147"
"1998:Q3","81.728","81.728","81.728","81.728","81.728","81.728","81.728","81.728","81.721","81.721","81.721","81.721","81.721","81.721","81.721","81.721","73.491","73.491","73.491","73.491","73.492","73.492","73.492","73.492"
"1998:Q4","82.223","82.223","82.223","82.223","82.223","82.223","82.223","82.223","82.216","82.216","82.216","82.216","82.216","82.216","82.216","82.216","73.868","73.868","73.868","73.868","73.869","73.869","73.869","73.869"
"1999:Q1","82.688","82.688","82.688","82.688","82.688","82.688","82.688","82.688","82.681","82.681","82.681","82.681","82.681","82.681","82.681","82.681","74.219","74.219","74.219","74.219","74.22","74.22","74.22","74.22"
"1999:Q2","83.062","83.062","83.062","83.062","83.062","83.062","83.062","83.062","83.055","83.055","83.055","83.055","83.055","83.055","83.055","83.055","74.516","74.516","74.516","74.516","74.517","74.517","74.517","74.517"
"1999:Q3","83.477","83.477","83.477","83.477","83.477","83.477","83.477","83.477","83.47","83.47","83.47","83.47","83.47","83.47","83.47","83.47","74.892","74.892","74.892","74.892","74.894","74.894","74.894","74.894"
"1999:Q4","83.998","83.998","83.998","83.998","83.998","83.998","83.998","83.998","83.991","83.991","83.991","83.991","83.991","83.991","83.991","83.991","75.415","75.415","75.415","75.415","75.416","75.416","75.416","75.416"
"2000:Q1","84.812","84.812","84.812","84.812","84.812","84.812","84.812","84.812","84.805","84.805","84.805","84.805","84.805","84.805","84.805","84.805","76.082","76.082","76.082","76.082","76.084","76.084","76.084","76.084"
"2000:Q2","85.098","85.098","85.098","85.098","85.098","85.098","85.098","85.098","85.091","85.091","85.091","85.091","85.091","85.091","85.091","85.091","76.36","76.36","76.36","76.36","76.365","76.365","76.365","76.365"
"2000:Q3","85.759","85.759","85.759","85.759","85.759","85.759","85.759","85.759","85.752","85.752","85.752","85.752","85.752","85.752","85.752","85.752","77.006","77.006","77.006","77.006","77.013","77.013","77.013","77.013"
"2000:Q4","86.423","86.423","86.423","86.423","86.423","86.423","86.423","86.423","86.416","86.416","86.416","86.416","86.416","86.416","86.416","86.416","77.6","77.6","77.6","77.6","77.608","77.608","77.608","77.608"
"2001:Q1","87.341","87.341","87.341","87.341","87.341","87.341","87.341","87.341","87.334","87.334","87.334","87.334","87.334","87.334","87.334","87.334","78.381","78.381","78.381","78.381","78.389","78.389","78.389","78.389"
"2001:Q2","87.901","87.901","87.901","87.901","87.901","87.901","87.901","87.901","87.894","87.894","87.894","87.894","87.894","87.894","87.894","87.894","78.886","78.886","78.886","78.886","78.897","78.897","78.897","78.897"
"2001:Q3","88.171","88.171","88.171","88.171","88.171","88.171","88.171","88.171","88.163","88.163","88.163","88.163","88.163","88.163","88.163","88.163","79.197","79.197","79.197","79.197","79.206","79.206","79.206","79.206"
"2001:Q4","88.843","88.843","88.843","88.843","88.843","88.843","88.843","88.843","88.835","88.835","88.835","88.835","88.835","88.835","88.835","88.835","79.802","79.802","79.802","79.802","79.809","79.809","79.809","79.809"
"2002:Q1","89.377","89.377","89.377","89.377","89.377","89.377","89.377","89.377","89.369","89.369","89.369","89.369","89.369","89.369","89.369","89.369","80.208","80.208","80.208","80.208","80.215","80.215","80.215","80.215"
"2002:Q2","90.117","90.117","90.117","90.117","90.117","90.117","90.117","90.117","90.109","90.109","90.109","90.109","90.109","90.109","90.109","90.109","80.865","80.865","80.865","80.865","80.87","80.87","80.87","80.87"
"2002:Q3","90.898","90.898","90.898","90.898","90.898","90.898","90.898","90.898","90.89","90.89","90.89","90.89","90.89","90.89","90.89","90.89","81.565","81.565","81.565","81.565","81.567","81.567","81.567","81.567"
"2002:Q4","91.629","91.629","91.629","91.629","91.629","91.629","91.629","91.629","91.622","91.622","91.622","91.622","91.622","91.622","91.622","91.622","82.208","82.208","82.208","82.208","82.213","82.213","82.213","82.213"
"2003:Q1","92.359","92.359","92.359","92.359","92.359","92.359","92.359","92.359","92.351","92.351","92.351","92.351","92.351","92.351","92.351","92.351","82.899","82.899","82.899","82.899","82.905","82.905","82.905","82.905"
"2003:Q2","93.274","93.274","93.274","93.274","93.274","93.274","93.274","93.274","93.266","93.266","93.266","93.266","93.266","93.266","93.266","93.266","83.708","83.708","83.708","83.708","83.707","83.707","83.707","83.707"
"2003:Q3","93.962","93.962","93.962","93.962","93.962","93.962","93.962","93.962","93.955","93.955","93.955","93.955","93.955","93.955","93.955","93.955","84.311","84.311","84.311","84.311","84.312","84.312","84.312","84.312"
"2003:Q4","94.692","94.692","94.692","94.692","94.692","94.692","94.692","94.692","94.687","94.687","94.687","94.687","94.687","94.687","94.687","94.687","84.904","84.904","84.904","84.904","84.907","84.907","84.907","84.907"
"2004:Q1","95.525","95.525","95.525","95.525","95.525","95.525","95.525","95.525","95.521","95.521","95.521","95.521","95.521","95.521","95.521","95.521","85.606","85.606","85.606","85.606","85.608","85.608","85.608","85.608"
"2004:Q2","96.319","96.319","96.319","96.319","96.319","96.319","96.319","96.319","96.319","96.319","96.319","96.319","96.319","96.319","96.319","96.319","86.274","86.274","86.274","86.274","86.277","86.277","86.277","86.277"
"2004:Q3","97.184","97.184","97.184","97.184","97.184","97.184","97.184","97.184","97.188","97.188","97.188","97.188","97.188","97.188","97.188","97.188","87.029","87.029","87.029","87.029","87.031","87.031","87.031","87.031"
"2004:Q4","97.8","97.8","97.8","97.8","97.8","97.8","97.8","97.8","97.803","97.803","97.803","97.803","97.803","97.803","97.803","97.803","87.578","87.578","87.578","87.578","87.581","87.581","87.581","87.581"
"2005:Q1","98.726","98.726","98.726","98.726","98.726","98.726","98.726","98.726","98.728","98.728","98.728","98.728","98.728","98.728","98.728","98.728","88.359","88.359","88.359","88.359","88.36","88.36","88.36","88.36"
"2005:Q2","99.554","99.554","99.554","99.554","99.554","99.554","99.554","99.554","99.555","99.555","99.555","99.555","99.555","99.555","99.555","99.555","89.092","89.092","89.092","89.092","89.095","89.095","89.095","89.095"
"2005:Q3","100.282","100.282","100.282","100.282","100.282","100.282","100.282","100.282","100.28","100.28","100.28","100.28","100.28","100.28","100.28","100.28","89.792","89.792","89.792","89.792","89.798","89.798","89.798","89.798"
"2005:Q4","101.437","101.437","101.437","101.437","101.437","101.437","101.437","101.437","101.437","101.437","101.437","101.437","101.437","101.437","101.437","101.437","90.854","90.854","90.854","90.854","90.857","90.857","90.857","90.857"
"2006:Q1","102.177","102.177","102.177","102.177","102.177","102.177","102.177","102.177","102.18","102.18","102.18","102.18","102.18","102.18","102.18","102.18","91.554","91.554","91.554","91.554","91.557","91.557","91.557","91.557"
"2006:Q2","103.028","103.028","103.028","103.028","103.028","103.028","103.028","103.028","103.033","103.033","103.033","103.033","103.033","103.033","103.033","103.033","92.279","92.279","92.279","92.279","92.283","92.283","92.283","92.283"
"2006:Q3","103.916","103.916","103.916","103.916","103.916","103.916","103.916","103.916","103.922","103.922","103.922","103.922","103.922","103.922","103.922","103.922","93.05","93.05","93.05","93.05","93.055","93.055","93.055","93.055"
"2006:Q4","104.731","104.731","104.731","104.731","104.731","104.731","104.731","104.731","104.739","104.739","104.739","104.739","104.739","104.739","104.739","104.739","93.683","93.683","93.683","93.683","93.684","93.684","93.684","93.684"
"2007:Q1","105.772","105.772","105.772","105.772","105.847","105.847","105.847","105.847","105.853","105.853","105.853","105.853","105.853","105.853","105.853","105.853","94.655","94.655","94.655","94.655","94.656","94.656","94.656","94.656"
"2007:Q2","106.561","106.561","106.561","106.561","106.637","106.637","106.637","106.637","106.649","106.649","106.649","106.649","106.649","106.649","106.649","106.649","95.277","95.277","95.277","95.277","95.281","95.281","95.281","95.281"
"2007:Q3","107.455","107.455","107.455","107.455","107.46","107.46","107.46","107.46","107.473","107.473","107.473","107.473","107.473","107.473","107.473","107.473","95.991","95.991","95.991","95.991","95.996","95.996","95.996","95.996"
"2007:Q4","108.632","108.632","108.632","108.632","108.503","108.503","108.503","108.503","108.515","108.515","108.515","108.515","108.515","108.515","108.515","108.515","96.908","96.908","96.908","96.908","96.916","96.916","96.916","96.916"
"2008:Q1","109.44","109.44","109.44","109.44","109.411","109.411","109.411","109.411","109.503","109.503","109.503","109.503","109.503","109.503","109.503","109.503","97.661","97.661","97.661","97.661","97.669","97.669","97.669","97.669"
"2008:Q2","110.544","110.544","110.544","110.544","110.657","110.657","110.657","110.657","110.624","110.624","110.624","110.624","110.624","110.624","110.624","110.624","98.625","98.625","98.625","98.625","98.633","98.633","98.633","98.633"
"2008:Q3","111.528","111.528","111.528","111.528","111.498","111.498","111.498","111.498","111.413","111.413","111.413","111.413","111.413","111.413","111.413","111.413","99.313","99.313","99.313","99.313","99.318","99.318","99.318","99.318"
"2008:Q4","111.837","111.837","111.837","111.837","111.765","111.765","111.765","111.765","111.875","111.875","111.875","111.875","111.875","111.875","111.875","111.875","99.455","99.455","99.455","99.455","99.451","99.451","99.451","99.451"
"2009:Q1","112.113","112.113","112.113","112.113","112.013","112.013","112.013","112.013","112.163","112.163","112.163","112.163","112.055","112.055","112.055","112.055","99.514","99.514","99.514","99.514","99.51","99.51","99.51","99.51"
"2009:Q2","112.313","112.341","112.341","112.341","112.379","112.379","112.379","112.379","112.447","112.447","112.447","112.447","112.193","112.193","112.193","112.193","99.708","99.708","99.708","99.708","99.708","99.708","99.708","99.708"
"2009:Q3","#N/A","112.754","112.705","112.705","112.85","112.85","112.85","112.85","112.969","112.969","112.969","112.969","112.724","112.724","112.724","112.724","100.044","100.044","100.044","100.044","100.047","100.047","100.047","100.047"
"2009:Q4","#N/A","#N/A","113.281","113.412","113.631","113.631","113.631","113.631","113.856","113.856","113.856","113.856","113.646","113.646","113.646","113.646","100.735","100.735","100.735","100.735","100.734","100.734","100.734","100.734"
"2010:Q1","#N/A","#N/A","#N/A","113.826","114.205","114.205","114.205","114.205","114.397","114.397","114.397","114.397","114.271","114.271","114.271","114.271","101.135","101.135","101.135","101.135","101.134","101.134","101.134","101.134"
"2010:Q2","#N/A","#N/A","#N/A","#N/A","114.756","114.703","114.703","114.703","115.078","115.078","115.078","115.078","114.961","114.961","114.961","114.961","101.654","101.654","101.654","101.654","101.651","101.651","101.651","101.651"
"2010:Q3","#N/A","#N/A","#N/A","#N/A","#N/A","114.978","114.873","114.873","115.364","115.364","115.364","115.364","115.366","115.366","115.366","115.366","102.014","102.014","102.014","102.014","102.011","102.011","102.011","102.011"
"2010:Q4","#N/A","#N/A","#N/A","#N/A","#N/A","#N/A","115.107","115.074","115.665","115.665","115.665","115.665","115.714","115.714","115.714","115.714","102.32","102.32","102.32","102.32","102.317","102.317","102.317","102.317"
"2011:Q1","#N/A","#N/A","#N/A","#N/A","#N/A","#N/A","#N/A","115.544","116.203","116.203","116.203","116.203","116.18","116.18","116.18","116.18","102.727","102.727","102.727","102.727","102.731","102.731","102.731","102.731"
"2011:Q2","#N/A","#N/A","#N/A","#N/A","#N/A","#N/A","#N/A","#N/A","116.825","116.892","116.892","116.892","116.876","116.876","116.876","116.876","103.348","103.348","103.348","103.348","103.424","103.424","103.424","103.424"
"2011:Q3","#N/A","#N/A","#N/A","#N/A","#N/A","#N/A","#N/A","#N/A","#N/A","117.48","117.503","117.503","117.533","117.533","117.533","117.533","103.958","103.958","103.958","103.958","104.022","104.022","104.022","104.022"
"2011:Q4","#N/A","#N/A","#N/A","#N/A","#N/A","#N/A","#N/A","#N/A","#N/A","#N/A","117.962","118.045","118.065","118.065","118.065","118.065","104.478","104.478","104.478","104.478","104.537","104.537","104.537","104.537"
"2012:Q1","#N/A","#N/A","#N/A","#N/A","#N/A","#N/A","#N/A","#N/A","#N/A","#N/A","#N/A","118.687","118.81","118.81","118.81","118.81","105.124","105.124","105.124","105.124","105.154","105.154","105.154","105.154"
"2012:Q2","#N/A","#N/A","#N/A","#N/A","#N/A","#N/A","#N/A","#N/A","#N/A","#N/A","#N/A","#N/A","119.456","119.427","119.427","119.427","105.727","105.727","105.727","105.727","105.771","105.771","105.771","105.771"
"2012:Q3","#N/A","#N/A","#N/A","#N/A","#N/A","#N/A","#N/A","#N/A","#N/A","#N/A","#N/A","#N/A","#N/A","119.975","119.901","119.901","106.259","106.259","106.259","106.259","106.275","106.275","106.275","106.275"
"2012:Q4","#N/A","#N/A","#N/A","#N/A","#N/A","#N/A","#N/A","#N/A","#N/A","#N/A","#N/A","#N/A","#N/A","#N/A","120.391","120.444","106.809","106.809","106.809","106.809","106.815","106.815","106.815","106.815"
"2013:Q1","#N/A","#N/A","#N/A","#N/A","#N/A","#N/A","#N/A","#N/A","#N/A","#N/A","#N/A","#N/A","#N/A","#N/A","#N/A","121.025","107.422","107.422","107.422","107.422","107.434","107.434","107.434","107.434"
"2013:Q2","#N/A","#N/A","#N/A","#N/A","#N/A","#N/A","#N/A","#N/A","#N/A","#N/A","#N/A","#N/A","#N/A","#N/A","#N/A","#N/A","107.814","107.747","107.747","107.747","107.88","107.88","107.88","107.88"
"2013:Q3","#N/A","#N/A","#N/A","#N/A","#N/A","#N/A","#N/A","#N/A","#N/A","#N/A","#N/A","#N/A","#N/A","#N/A","#N/A","#N/A","#N/A","108.218","108.215","108.215","108.418","108.418","108.418","108.418"
"2013:Q4","#N/A","#N/A","#N/A","#N/A","#N/A","#N/A","#N/A","#N/A","#N/A","#N/A","#N/A","#N/A","#N/A","#N/A","#N/A","#N/A","#N/A","#N/A","108.743","108.798","109.053","109.053","109.053","109.053"
"2014:Q1","#N/A","#N/A","#N/A","#N/A","#N/A","#N/A","#N/A","#N/A","#N/A","#N/A","#N/A","#N/A","#N/A","#N/A","#N/A","#N/A","#N/A","#N/A","#N/A","109.396","109.648","109.648","109.648","109.648"
"2014:Q2","#N/A","#N/A","#N/A","#N/A","#N/A","#N/A","#N/A","#N/A","#N/A","#N/A","#N/A","#N/A","#N/A","#N/A","#N/A","#N/A","#N/A","#N/A","#N/A","#N/A","110.331","110.362","110.362","110.362"
"2014:Q3","#N/A","#N/A","#N/A","#N/A","#N/A","#N/A","#N/A","#N/A","#N/A","#N/A","#N/A","#N/A","#N/A","#N/A","#N/A","#N/A","#N/A","#N/A","#N/A","#N/A","#N/A","110.829","110.849","110.849"
"2014:Q4","#N/A","#N/A","#N/A","#N/A","#N/A","#N/A","#N/A","#N/A","#N/A","#N/A","#N/A","#N/A","#N/A","#N/A","#N/A","#N/A","#N/A","#N/A","#N/A","#N/A","#N/A","#N/A","111.288","111.296"
"2015:Q1","#N/A","#N/A","#N/A","#N/A","#N/A","#N/A","#N/A","#N/A","#N/A","#N/A","#N/A","#N/A","#N/A","#N/A","#N/A","#N/A","#N/A","#N/A","#N/A","#N/A","#N/A","#N/A","#N/A","111.647"
