"DATE","rcong09Q3","rcong09Q4","rcong10Q1","rcong10Q2","rcong10Q3","rcong10Q4","rcong11Q1","rcong11Q2","rcong11Q3","rcong11Q4","rcong12Q1","rcong12Q2","rcong12Q3","rcong12Q4","rcong13Q1","rcong13Q2","rcong13Q3","rcong13Q4","rcong14Q1","rcong14Q2","rcong14Q3","rcong14Q4","rcong15Q1","rcong15Q2"
"1947:Q1","406.5","406.5","406.5","406.5","406.5","406.5","406.5","406.5","406.2","406.2","406.2","406.2","406.2","406.2","406.2","406.2","418.4","418.4","418.4","418.4","418.4","418.4","418.4","418.4"
"1947:Q2","413.9","413.9","413.9","413.9","413.9","413.9","413.9","413.9","413.5","413.5","413.5","413.5","413.5","413.5","413.5","413.5","425.9","425.9","425.9","425.9","425.9","425.9","425.9","425.9"
"1947:Q3","416.6","416.6","416.6","416.6","416.6","416.6","416.6","416.6","416.3","416.3","416.3","416.3","416.3","416.3","416.3","416.3","428.7","428.7","428.7","428.7","428.7","428.7","428.7","428.7"
"1947:Q4","418.2","418.2","418.2","418.2","418.2","418.2","418.2","418.2","417.8","417.8","417.8","417.8","417.8","417.8","417.8","417.8","430.3","430.3","430.3","430.3","430.3","430.3","430.3","430.3"
"1948:Q1","418.8","418.8","418.8","418.8","418.8","418.8","418.8","418.8","418.4","418.4","418.4","418.4","418.4","418.4","418.4","418.4","431.0","431.0","431.0","431.0","431.0","431.0","431.0","431.0"
"1948:Q2","422.6","422.6","422.6","422.6","422.6","422.6","422.6","422.6","422.2","422.2","422.2","422.2","422.2","422.2","422.2","422.2","434.9","434.9","434.9","434.9","434.9","434.9","434.9","434.9"
"1948:Q3","422.2","422.2","422.2","422.2","422.2","422.2","422.2","422.2","421.8","421.8","421.8","421.8","421.8","421.8","421.8","421.8","434.5","434.5","434.5","434.5","434.5","434.5","434.5","434.5"
"1948:Q4","425.1","425.1","425.1","425.1","425.1","425.1","425.1","425.1","424.6","424.6","424.6","424.6","424.6","424.6","424.6","424.6","437.3","437.3","437.3","437.3","437.3","437.3","437.3","437.3"
"1949:Q1","424.5","424.5","424.5","424.5","424.5","424.5","424.5","424.5","423.9","423.9","423.9","423.9","423.9","423.9","423.9","423.9","436.7","436.7","436.7","436.7","436.7","436.7","436.7","436.7"
"1949:Q2","433.8","433.8","433.8","433.8","433.8","433.8","433.8","433.8","433.2","433.2","433.2","433.2","433.2","433.2","433.2","433.2","446.3","446.3","446.3","446.3","446.3","446.3","446.3","446.3"
"1949:Q3","436.0","436.0","436.0","436.0","436.0","436.0","436.0","436.0","435.4","435.4","435.4","435.4","435.4","435.4","435.4","435.4","448.6","448.6","448.6","448.6","448.6","448.6","448.6","448.6"
"1949:Q4","445.6","445.6","445.6","445.6","445.6","445.6","445.6","445.6","445.2","445.2","445.2","445.2","445.2","445.2","445.2","445.2","458.6","458.6","458.6","458.6","458.6","458.6","458.6","458.6"
"1950:Q1","454.1","454.1","454.1","454.1","454.1","454.1","454.1","454.1","453.8","453.8","453.8","453.8","453.8","453.8","453.8","453.8","467.5","467.5","467.5","467.5","467.5","467.5","467.5","467.5"
"1950:Q2","458.9","458.9","458.9","458.9","458.9","458.9","458.9","458.9","458.6","458.6","458.6","458.6","458.6","458.6","458.6","458.6","472.5","472.5","472.5","472.5","472.5","472.5","472.5","472.5"
"1950:Q3","493.2","493.2","493.2","493.2","493.2","493.2","493.2","493.2","492.9","492.9","492.9","492.9","492.9","492.9","492.9","492.9","507.9","507.9","507.9","507.9","507.9","507.9","507.9","507.9"
"1950:Q4","467.3","467.3","467.3","467.3","467.3","467.3","467.3","467.3","467.0","467.0","467.0","467.0","467.0","467.0","467.0","467.0","481.1","481.1","481.1","481.1","481.1","481.1","481.1","481.1"
"1951:Q1","477.7","477.7","477.7","477.7","477.7","477.7","477.7","477.7","477.3","477.3","477.3","477.3","477.3","477.3","477.3","477.3","491.7","491.7","491.7","491.7","491.7","491.7","491.7","491.7"
"1951:Q2","453.6","453.6","453.6","453.6","453.6","453.6","453.6","453.6","453.0","453.0","453.0","453.0","453.0","453.0","453.0","453.0","466.7","466.7","466.7","466.7","466.7","466.7","466.7","466.7"
"1951:Q3","458.6","458.6","458.6","458.6","458.6","458.6","458.6","458.6","458.0","458.0","458.0","458.0","458.0","458.0","458.0","458.0","471.9","471.9","471.9","471.9","471.9","471.9","471.9","471.9"
"1951:Q4","462.3","462.3","462.3","462.3","462.3","462.3","462.3","462.3","461.7","461.7","461.7","461.7","461.7","461.7","461.7","461.7","475.7","475.7","475.7","475.7","475.7","475.7","475.7","475.7"
"1952:Q1","460.0","460.0","460.0","460.0","460.0","460.0","460.0","460.0","459.5","459.5","459.5","459.5","459.5","459.5","459.5","459.5","473.4","473.4","473.4","473.4","473.4","473.4","473.4","473.4"
"1952:Q2","470.3","470.3","470.3","470.3","470.3","470.3","470.3","470.3","469.8","469.8","469.8","469.8","469.8","469.8","469.8","469.8","484.0","484.0","484.0","484.0","484.0","484.0","484.0","484.0"
"1952:Q3","469.8","469.8","469.8","469.8","469.8","469.8","469.8","469.8","469.3","469.3","469.3","469.3","469.3","469.3","469.3","469.3","483.5","483.5","483.5","483.5","483.5","483.5","483.5","483.5"
"1952:Q4","493.5","493.5","493.5","493.5","493.5","493.5","493.5","493.5","493.0","493.0","493.0","493.0","493.0","493.0","493.0","493.0","507.9","507.9","507.9","507.9","507.9","507.9","507.9","507.9"
"1953:Q1","500.0","500.0","500.0","500.0","500.0","500.0","500.0","500.0","499.5","499.5","499.5","499.5","499.5","499.5","499.5","499.5","514.7","514.7","514.7","514.7","514.7","514.7","514.7","514.7"
"1953:Q2","501.0","501.0","501.0","501.0","501.0","501.0","501.0","501.0","500.5","500.5","500.5","500.5","500.5","500.5","500.5","500.5","515.6","515.6","515.6","515.6","515.6","515.6","515.6","515.6"
"1953:Q3","496.8","496.8","496.8","496.8","496.8","496.8","496.8","496.8","496.3","496.3","496.3","496.3","496.3","496.3","496.3","496.3","511.3","511.3","511.3","511.3","511.3","511.3","511.3","511.3"
"1953:Q4","493.8","493.8","493.8","493.8","493.8","493.8","493.8","493.8","493.3","493.3","493.3","493.3","493.3","493.3","493.3","493.3","508.2","508.2","508.2","508.2","508.2","508.2","508.2","508.2"
"1954:Q1","493.5","493.5","493.5","493.5","493.5","493.5","493.5","493.5","493.0","493.0","493.0","493.0","493.0","493.0","493.0","493.0","507.9","507.9","507.9","507.9","507.9","507.9","507.9","507.9"
"1954:Q2","498.3","498.3","498.3","498.3","498.3","498.3","498.3","498.3","497.8","497.8","497.8","497.8","497.8","497.8","497.8","497.8","512.9","512.9","512.9","512.9","512.9","512.9","512.9","512.9"
"1954:Q3","503.6","503.6","503.6","503.6","503.6","503.6","503.6","503.6","503.0","503.0","503.0","503.0","503.0","503.0","503.0","503.0","518.3","518.3","518.3","518.3","518.3","518.3","518.3","518.3"
"1954:Q4","517.7","517.7","517.7","517.7","517.7","517.7","517.7","517.7","517.1","517.1","517.1","517.1","517.1","517.1","517.1","517.1","532.8","532.8","532.8","532.8","532.8","532.8","532.8","532.8"
"1955:Q1","533.5","533.5","533.5","533.5","533.5","533.5","533.5","533.5","532.9","532.9","532.9","532.9","532.9","532.9","532.9","532.9","549.1","549.1","549.1","549.1","549.1","549.1","549.1","549.1"
"1955:Q2","548.5","548.5","548.5","548.5","548.5","548.5","548.5","548.5","548.0","548.0","548.0","548.0","548.0","548.0","548.0","548.0","564.6","564.6","564.6","564.6","564.6","564.6","564.6","564.6"
"1955:Q3","556.1","556.1","556.1","556.1","556.1","556.1","556.1","556.1","555.6","555.6","555.6","555.6","555.6","555.6","555.6","555.6","572.4","572.4","572.4","572.4","572.4","572.4","572.4","572.4"
"1955:Q4","560.1","560.1","560.1","560.1","560.1","560.1","560.1","560.1","559.5","559.5","559.5","559.5","559.5","559.5","559.5","559.5","576.5","576.5","576.5","576.5","576.5","576.5","576.5","576.5"
"1956:Q1","557.6","557.6","557.6","557.6","557.6","557.6","557.6","557.6","557.0","557.0","557.0","557.0","557.0","557.0","557.0","557.0","574.0","574.0","574.0","574.0","574.0","574.0","574.0","574.0"
"1956:Q2","556.8","556.8","556.8","556.8","556.8","556.8","556.8","556.8","556.2","556.2","556.2","556.2","556.2","556.2","556.2","556.2","573.1","573.1","573.1","573.1","573.1","573.1","573.1","573.1"
"1956:Q3","554.5","554.5","554.5","554.5","554.5","554.5","554.5","554.5","553.9","553.9","553.9","553.9","553.9","553.9","553.9","553.9","570.7","570.7","570.7","570.7","570.7","570.7","570.7","570.7"
"1956:Q4","562.4","562.4","562.4","562.4","562.4","562.4","562.4","562.4","561.8","561.8","561.8","561.8","561.8","561.8","561.8","561.8","578.9","578.9","578.9","578.9","578.9","578.9","578.9","578.9"
"1957:Q1","567.7","567.7","567.7","567.7","567.7","567.7","567.7","567.7","567.1","567.1","567.1","567.1","567.1","567.1","567.1","567.1","584.3","584.3","584.3","584.3","584.3","584.3","584.3","584.3"
"1957:Q2","565.6","565.6","565.6","565.6","565.6","565.6","565.6","565.6","565.0","565.0","565.0","565.0","565.0","565.0","565.0","565.0","582.2","582.2","582.2","582.2","582.2","582.2","582.2","582.2"
"1957:Q3","570.4","570.4","570.4","570.4","570.4","570.4","570.4","570.4","569.8","569.8","569.8","569.8","569.8","569.8","569.8","569.8","587.1","587.1","587.1","587.1","587.1","587.1","587.1","587.1"
"1957:Q4","565.9","565.9","565.9","565.9","565.9","565.9","565.9","565.9","565.3","565.3","565.3","565.3","565.3","565.3","565.3","565.3","582.5","582.5","582.5","582.5","582.5","582.5","582.5","582.5"
"1958:Q1","552.4","552.4","552.4","552.4","552.4","552.4","552.4","552.4","551.8","551.8","551.8","551.8","551.8","551.8","551.8","551.8","568.5","568.5","568.5","568.5","568.5","568.5","568.5","568.5"
"1958:Q2","554.1","554.1","554.1","554.1","554.1","554.1","554.1","554.1","553.5","553.5","553.5","553.5","553.5","553.5","553.5","553.5","570.3","570.3","570.3","570.3","570.3","570.3","570.3","570.3"
"1958:Q3","564.6","564.6","564.6","564.6","564.6","564.6","564.6","564.6","563.9","563.9","563.9","563.9","563.9","563.9","563.9","563.9","581.0","581.0","581.0","581.0","581.0","581.0","581.0","581.0"
"1958:Q4","575.4","575.4","575.4","575.4","575.4","575.4","575.4","575.4","574.8","574.8","574.8","574.8","574.8","574.8","574.8","574.8","592.2","592.2","592.2","592.2","592.2","592.2","592.2","592.2"
"1959:Q1","588.8","588.8","588.8","588.8","588.8","588.8","588.8","588.8","588.2","588.2","588.2","588.2","588.2","588.2","588.2","588.2","606.0","606.0","606.0","606.0","606.0","606.0","606.0","606.0"
"1959:Q2","598.1","598.1","598.1","598.1","598.1","598.1","598.1","598.1","597.5","597.5","597.5","597.5","597.5","597.5","597.5","597.5","615.6","615.6","615.6","615.6","615.6","615.6","615.6","615.6"
"1959:Q3","602.8","602.8","602.8","602.8","602.8","602.8","602.8","602.8","602.2","602.2","602.2","602.2","602.2","602.2","602.2","602.2","620.5","620.5","620.5","620.5","620.5","620.5","620.5","620.5"
"1959:Q4","597.9","597.9","597.9","597.9","597.9","597.9","597.9","597.9","597.3","597.3","597.3","597.3","597.3","597.3","597.3","597.3","615.4","615.4","615.4","615.4","615.4","615.4","615.4","615.4"
"1960:Q1","603.9","603.9","603.9","603.9","603.9","603.9","603.9","603.9","603.3","603.3","603.3","603.3","603.3","603.3","603.3","603.3","621.6","621.6","621.6","621.6","621.6","621.6","621.6","621.6"
"1960:Q2","612.4","612.4","612.4","612.4","612.4","612.4","612.4","612.4","611.7","611.7","611.7","611.7","611.7","611.7","611.7","611.7","630.3","630.3","630.3","630.3","630.3","630.3","630.3","630.3"
"1960:Q3","608.5","608.5","608.5","608.5","608.5","608.5","608.5","608.5","607.8","607.8","607.8","607.8","607.8","607.8","607.8","607.8","626.3","626.3","626.3","626.3","626.3","626.3","626.3","626.3"
"1960:Q4","604.8","604.8","604.8","604.8","604.8","604.8","604.8","604.8","604.2","604.2","604.2","604.2","604.2","604.2","604.2","604.2","622.5","622.5","622.5","622.5","622.5","622.5","622.5","622.5"
"1961:Q1","599.1","599.1","599.1","599.1","599.1","599.1","599.1","599.1","598.4","598.4","598.4","598.4","598.4","598.4","598.4","598.4","616.6","616.6","616.6","616.6","616.6","616.6","616.6","616.6"
"1961:Q2","608.1","608.1","608.1","608.1","608.1","608.1","608.1","608.1","607.5","607.5","607.5","607.5","607.5","607.5","607.5","607.5","625.9","625.9","625.9","625.9","625.9","625.9","625.9","625.9"
"1961:Q3","612.1","612.1","612.1","612.1","612.1","612.1","612.1","612.1","611.5","611.5","611.5","611.5","611.5","611.5","611.5","611.5","630.0","630.0","630.0","630.0","630.0","630.0","630.0","630.0"
"1961:Q4","625.7","625.7","625.7","625.7","625.7","625.7","625.7","625.7","625.1","625.1","625.1","625.1","625.1","625.1","625.1","625.1","644.0","644.0","644.0","644.0","644.0","644.0","644.0","644.0"
"1962:Q1","633.0","633.0","633.0","633.0","633.0","633.0","633.0","633.0","632.4","632.4","632.4","632.4","632.4","632.4","632.4","632.4","651.5","651.5","651.5","651.5","651.5","651.5","651.5","651.5"
"1962:Q2","639.3","639.3","639.3","639.3","639.3","639.3","639.3","639.3","638.6","638.6","638.6","638.6","638.6","638.6","638.6","638.6","658.0","658.0","658.0","658.0","658.0","658.0","658.0","658.0"
"1962:Q3","644.1","644.1","644.1","644.1","644.1","644.1","644.1","644.1","643.5","643.5","643.5","643.5","643.5","643.5","643.5","643.5","663.0","663.0","663.0","663.0","663.0","663.0","663.0","663.0"
"1962:Q4","654.2","654.2","654.2","654.2","654.2","654.2","654.2","654.2","653.6","653.6","653.6","653.6","653.6","653.6","653.6","653.6","673.4","673.4","673.4","673.4","673.4","673.4","673.4","673.4"
"1963:Q1","660.3","660.3","660.3","660.3","660.3","660.3","660.3","660.3","659.7","659.7","659.7","659.7","659.7","659.7","659.7","659.7","679.7","679.7","679.7","679.7","679.7","679.7","679.7","679.7"
"1963:Q2","665.8","665.8","665.8","665.8","665.8","665.8","665.8","665.8","665.1","665.1","665.1","665.1","665.1","665.1","665.1","665.1","685.3","685.3","685.3","685.3","685.3","685.3","685.3","685.3"
"1963:Q3","672.5","672.5","672.5","672.5","672.5","672.5","672.5","672.5","671.8","671.8","671.8","671.8","671.8","671.8","671.8","671.8","692.2","692.2","692.2","692.2","692.2","692.2","692.2","692.2"
"1963:Q4","674.7","674.7","674.7","674.7","674.7","674.7","674.7","674.7","674.1","674.1","674.1","674.1","674.1","674.1","674.1","674.1","694.5","694.5","694.5","694.5","694.5","694.5","694.5","694.5"
"1964:Q1","690.4","690.4","690.4","690.4","690.4","690.4","690.4","690.4","689.7","689.7","689.7","689.7","689.7","689.7","689.7","689.7","710.6","710.6","710.6","710.6","710.6","710.6","710.6","710.6"
"1964:Q2","704.9","704.9","704.9","704.9","704.9","704.9","704.9","704.9","704.2","704.2","704.2","704.2","704.2","704.2","704.2","704.2","725.6","725.6","725.6","725.6","725.6","725.6","725.6","725.6"
"1964:Q3","721.3","721.3","721.3","721.3","721.3","721.3","721.3","721.3","720.6","720.6","720.6","720.6","720.6","720.6","720.6","720.6","742.5","742.5","742.5","742.5","742.5","742.5","742.5","742.5"
"1964:Q4","716.0","716.0","716.0","716.0","716.0","716.0","716.0","716.0","715.3","715.3","715.3","715.3","715.3","715.3","715.3","715.3","737.0","737.0","737.0","737.0","737.0","737.0","737.0","737.0"
"1965:Q1","739.3","739.3","739.3","739.3","739.3","739.3","739.3","739.3","738.6","738.6","738.6","738.6","738.6","738.6","738.6","738.6","761.1","761.1","761.1","761.1","761.1","761.1","761.1","761.1"
"1965:Q2","744.7","744.7","744.7","744.7","744.7","744.7","744.7","744.7","744.0","744.0","744.0","744.0","744.0","744.0","744.0","744.0","766.6","766.6","766.6","766.6","766.6","766.6","766.6","766.6"
"1965:Q3","759.9","759.9","759.9","759.9","759.9","759.9","759.9","759.9","759.2","759.2","759.2","759.2","759.2","759.2","759.2","759.2","782.2","782.2","782.2","782.2","782.2","782.2","782.2","782.2"
"1965:Q4","789.2","789.2","789.2","789.2","789.2","789.2","789.2","789.2","788.5","788.5","788.5","788.5","788.5","788.5","788.5","788.5","812.4","812.4","812.4","812.4","812.4","812.4","812.4","812.4"
"1966:Q1","804.1","804.1","804.1","804.1","804.1","804.1","804.1","804.1","803.3","803.3","803.3","803.3","803.3","803.3","803.3","803.3","827.7","827.7","827.7","827.7","827.7","827.7","827.7","827.7"
"1966:Q2","800.1","800.1","800.1","800.1","800.1","800.1","800.1","800.1","799.3","799.3","799.3","799.3","799.3","799.3","799.3","799.3","823.5","823.5","823.5","823.5","823.5","823.5","823.5","823.5"
"1966:Q3","811.6","811.6","811.6","811.6","811.6","811.6","811.6","811.6","810.8","810.8","810.8","810.8","810.8","810.8","810.8","810.8","835.4","835.4","835.4","835.4","835.4","835.4","835.4","835.4"
"1966:Q4","809.9","809.9","809.9","809.9","809.9","809.9","809.9","809.9","809.1","809.1","809.1","809.1","809.1","809.1","809.1","809.1","833.6","833.6","833.6","833.6","833.6","833.6","833.6","833.6"
"1967:Q1","812.0","812.0","812.0","812.0","812.0","812.0","812.0","812.0","811.2","811.2","811.2","811.2","811.2","811.2","811.2","811.2","835.8","835.8","835.8","835.8","835.8","835.8","835.8","835.8"
"1967:Q2","826.2","826.2","826.2","826.2","826.2","826.2","826.2","826.2","825.3","825.3","825.3","825.3","825.3","825.3","825.3","825.3","850.4","850.4","850.4","850.4","850.4","850.4","850.4","850.4"
"1967:Q3","823.7","823.7","823.7","823.7","823.7","823.7","823.7","823.7","822.9","822.9","822.9","822.9","822.9","822.9","822.9","822.9","847.8","847.8","847.8","847.8","847.8","847.8","847.8","847.8"
"1967:Q4","826.9","826.9","826.9","826.9","826.9","826.9","826.9","826.9","826.1","826.1","826.1","826.1","826.1","826.1","826.1","826.1","851.2","851.2","851.2","851.2","851.2","851.2","851.2","851.2"
"1968:Q1","853.2","853.2","853.2","853.2","853.2","853.2","853.2","853.2","852.4","852.4","852.4","852.4","852.4","852.4","852.4","852.4","878.3","878.3","878.3","878.3","878.3","878.3","878.3","878.3"
"1968:Q2","865.9","865.9","865.9","865.9","865.9","865.9","865.9","865.9","865.2","865.2","865.2","865.2","865.2","865.2","865.2","865.2","891.4","891.4","891.4","891.4","891.4","891.4","891.4","891.4"
"1968:Q3","887.1","887.1","887.1","887.1","887.1","887.1","887.1","887.1","886.4","886.4","886.4","886.4","886.4","886.4","886.4","886.4","913.3","913.3","913.3","913.3","913.3","913.3","913.3","913.3"
"1968:Q4","885.7","885.7","885.7","885.7","885.7","885.7","885.7","885.7","885.0","885.0","885.0","885.0","885.0","885.0","885.0","885.0","911.8","911.8","911.8","911.8","911.8","911.8","911.8","911.8"
"1969:Q1","897.6","897.6","897.6","897.6","897.6","897.6","897.6","897.6","896.8","896.8","896.8","896.8","896.8","896.8","896.8","896.8","924.0","924.0","924.0","924.0","924.0","924.0","924.0","924.0"
"1969:Q2","898.3","898.3","898.3","898.3","898.3","898.3","898.3","898.3","897.4","897.4","897.4","897.4","897.4","897.4","897.4","897.4","924.7","924.7","924.7","924.7","924.7","924.7","924.7","924.7"
"1969:Q3","900.0","900.0","900.0","900.0","900.0","900.0","900.0","900.0","899.0","899.0","899.0","899.0","899.0","899.0","899.0","899.0","926.3","926.3","926.3","926.3","926.3","926.3","926.3","926.3"
"1969:Q4","903.2","903.2","903.2","903.2","903.2","903.2","903.2","903.2","902.3","902.3","902.3","902.3","902.3","902.3","902.3","902.3","929.6","929.6","929.6","929.6","929.6","929.6","929.6","929.6"
"1970:Q1","904.7","904.7","904.7","904.7","904.7","904.7","904.7","904.7","903.7","903.7","903.7","903.7","903.7","903.7","903.7","903.7","931.2","931.2","931.2","931.2","931.2","931.2","931.2","931.2"
"1970:Q2","907.3","907.3","907.3","907.3","907.3","907.3","907.3","907.3","906.3","906.3","906.3","906.3","906.3","906.3","906.3","906.3","933.8","933.8","933.8","933.8","933.8","933.8","933.8","933.8"
"1970:Q3","912.8","912.8","912.8","912.8","912.8","912.8","912.8","912.8","911.9","911.9","911.9","911.9","911.9","911.9","911.9","911.9","939.5","939.5","939.5","939.5","939.5","939.5","939.5","939.5"
"1970:Q4","902.9","902.9","902.9","902.9","902.9","902.9","902.9","902.9","902.0","902.0","902.0","902.0","902.0","902.0","902.0","902.0","929.4","929.4","929.4","929.4","929.4","929.4","929.4","929.4"
"1971:Q1","931.9","931.9","931.9","931.9","931.9","931.9","931.9","931.9","931.0","931.0","931.0","931.0","931.0","931.0","931.0","931.0","959.2","959.2","959.2","959.2","959.2","959.2","959.2","959.2"
"1971:Q2","939.6","939.6","939.6","939.6","939.6","939.6","939.6","939.6","938.6","938.6","938.6","938.6","938.6","938.6","938.6","938.6","967.1","967.1","967.1","967.1","967.1","967.1","967.1","967.1"
"1971:Q3","945.6","945.6","945.6","945.6","945.6","945.6","945.6","945.6","944.7","944.7","944.7","944.7","944.7","944.7","944.7","944.7","973.3","973.3","973.3","973.3","973.3","973.3","973.3","973.3"
"1971:Q4","962.2","962.2","962.2","962.2","962.2","962.2","962.2","962.2","961.3","961.3","961.3","961.3","961.3","961.3","961.3","961.3","990.4","990.4","990.4","990.4","990.4","990.4","990.4","990.4"
"1972:Q1","971.1","971.1","971.1","971.1","971.1","971.1","971.1","971.1","970.3","970.3","970.3","970.3","970.3","970.3","970.3","970.3","999.7","999.7","999.7","999.7","999.7","999.7","999.7","999.7"
"1972:Q2","996.8","996.8","996.8","996.8","996.8","996.8","996.8","996.8","995.9","995.9","995.9","995.9","995.9","995.9","995.9","995.9","1026.1","1026.1","1026.1","1026.1","1026.1","1026.1","1026.1","1026.1"
"1972:Q3","1014.1","1014.1","1014.1","1014.1","1014.1","1014.1","1014.1","1014.1","1013.2","1013.2","1013.2","1013.2","1013.2","1013.2","1013.2","1013.2","1044.0","1044.0","1044.0","1044.0","1044.0","1044.0","1044.0","1044.0"
"1972:Q4","1043.9","1043.9","1043.9","1043.9","1043.9","1043.9","1043.9","1043.9","1043.0","1043.0","1043.0","1043.0","1043.0","1043.0","1043.0","1043.0","1074.6","1074.6","1074.6","1074.6","1074.6","1074.6","1074.6","1074.6"
"1973:Q1","1068.9","1068.9","1068.9","1068.9","1068.9","1068.9","1068.9","1068.9","1067.9","1067.9","1067.9","1067.9","1067.9","1067.9","1067.9","1067.9","1100.3","1100.3","1100.3","1100.3","1100.3","1100.3","1100.3","1100.3"
"1973:Q2","1058.8","1058.8","1058.8","1058.8","1058.8","1058.8","1058.8","1058.8","1057.6","1057.6","1057.6","1057.6","1057.6","1057.6","1057.6","1057.6","1089.7","1089.7","1089.7","1089.7","1089.7","1089.7","1089.7","1089.7"
"1973:Q3","1059.2","1059.2","1059.2","1059.2","1059.2","1059.2","1059.2","1059.2","1057.9","1057.9","1057.9","1057.9","1057.9","1057.9","1057.9","1057.9","1090.0","1090.0","1090.0","1090.0","1090.0","1090.0","1090.0","1090.0"
"1973:Q4","1048.9","1048.9","1048.9","1048.9","1048.9","1048.9","1048.9","1048.9","1047.4","1047.4","1047.4","1047.4","1047.4","1047.4","1047.4","1047.4","1079.2","1079.2","1079.2","1079.2","1079.2","1079.2","1079.2","1079.2"
"1974:Q1","1031.9","1031.9","1031.9","1031.9","1031.9","1031.9","1031.9","1031.9","1030.4","1030.4","1030.4","1030.4","1030.4","1030.4","1030.4","1030.4","1061.6","1061.6","1061.6","1061.6","1061.6","1061.6","1061.6","1061.6"
"1974:Q2","1028.8","1028.8","1028.8","1028.8","1028.8","1028.8","1028.8","1028.8","1027.1","1027.1","1027.1","1027.1","1027.1","1027.1","1027.1","1027.1","1058.3","1058.3","1058.3","1058.3","1058.3","1058.3","1058.3","1058.3"
"1974:Q3","1032.0","1032.0","1032.0","1032.0","1032.0","1032.0","1032.0","1032.0","1030.4","1030.4","1030.4","1030.4","1030.4","1030.4","1030.4","1030.4","1061.7","1061.7","1061.7","1061.7","1061.7","1061.7","1061.7","1061.7"
"1974:Q4","989.9","989.9","989.9","989.9","989.9","989.9","989.9","989.9","988.6","988.6","988.6","988.6","988.6","988.6","988.6","988.6","1018.6","1018.6","1018.6","1018.6","1018.6","1018.6","1018.6","1018.6"
"1975:Q1","996.7","996.7","996.7","996.7","996.7","996.7","996.7","996.7","995.8","995.8","995.8","995.8","995.8","995.8","995.8","995.8","1026.0","1026.0","1026.0","1026.0","1026.0","1026.0","1026.0","1026.0"
"1975:Q2","1017.8","1017.8","1017.8","1017.8","1017.8","1017.8","1017.8","1017.8","1017.0","1017.0","1017.0","1017.0","1017.0","1017.0","1017.0","1017.0","1047.9","1047.9","1047.9","1047.9","1047.9","1047.9","1047.9","1047.9"
"1975:Q3","1042.8","1042.8","1042.8","1042.8","1042.8","1042.8","1042.8","1042.8","1042.1","1042.1","1042.1","1042.1","1042.1","1042.1","1042.1","1042.1","1073.8","1073.8","1073.8","1073.8","1073.8","1073.8","1073.8","1073.8"
"1975:Q4","1049.9","1049.9","1049.9","1049.9","1049.9","1049.9","1049.9","1049.9","1049.2","1049.2","1049.2","1049.2","1049.2","1049.2","1049.2","1049.2","1081.1","1081.1","1081.1","1081.1","1081.1","1081.1","1081.1","1081.1"
"1976:Q1","1080.8","1080.8","1080.8","1080.8","1080.8","1080.8","1080.8","1080.8","1080.0","1080.0","1080.0","1080.0","1080.0","1080.0","1080.0","1080.0","1112.7","1112.7","1112.7","1112.7","1112.7","1112.7","1112.7","1112.7"
"1976:Q2","1093.9","1093.9","1093.9","1093.9","1093.9","1093.9","1093.9","1093.9","1093.0","1093.0","1093.0","1093.0","1093.0","1093.0","1093.0","1093.0","1126.1","1126.1","1126.1","1126.1","1126.1","1126.1","1126.1","1126.1"
"1976:Q3","1103.6","1103.6","1103.6","1103.6","1103.6","1103.6","1103.6","1103.6","1102.6","1102.6","1102.6","1102.6","1102.6","1102.6","1102.6","1102.6","1136.1","1136.1","1136.1","1136.1","1136.1","1136.1","1136.1","1136.1"
"1976:Q4","1117.1","1117.1","1117.1","1117.1","1117.1","1117.1","1117.1","1117.1","1116.0","1116.0","1116.0","1116.0","1116.0","1116.0","1116.0","1116.0","1149.8","1149.8","1149.8","1149.8","1149.8","1149.8","1149.8","1149.8"
"1977:Q1","1129.5","1129.5","1129.5","1129.5","1129.5","1129.5","1129.5","1129.5","1128.1","1128.1","1128.1","1128.1","1128.1","1128.1","1128.1","1128.1","1162.3","1162.3","1162.3","1162.3","1162.3","1162.3","1162.3","1162.3"
"1977:Q2","1137.8","1137.8","1137.8","1137.8","1137.8","1137.8","1137.8","1137.8","1136.4","1136.4","1136.4","1136.4","1136.4","1136.4","1136.4","1136.4","1170.9","1170.9","1170.9","1170.9","1170.9","1170.9","1170.9","1170.9"
"1977:Q3","1146.9","1146.9","1146.9","1146.9","1146.9","1146.9","1146.9","1146.9","1145.5","1145.5","1145.5","1145.5","1145.5","1145.5","1145.5","1145.5","1180.3","1180.3","1180.3","1180.3","1180.3","1180.3","1180.3","1180.3"
"1977:Q4","1171.3","1171.3","1171.3","1171.3","1171.3","1171.3","1171.3","1171.3","1170.0","1170.0","1170.0","1170.0","1170.0","1170.0","1170.0","1170.0","1205.5","1205.5","1205.5","1205.5","1205.5","1205.5","1205.5","1205.5"
"1978:Q1","1164.7","1164.7","1164.7","1164.7","1164.7","1164.7","1164.7","1164.7","1163.4","1163.4","1163.4","1163.4","1163.4","1163.4","1163.4","1163.4","1198.7","1198.7","1198.7","1198.7","1198.7","1198.7","1198.7","1198.7"
"1978:Q2","1198.1","1198.1","1198.1","1198.1","1198.1","1198.1","1198.1","1198.1","1196.8","1196.8","1196.8","1196.8","1196.8","1196.8","1196.8","1196.8","1233.1","1233.1","1233.1","1233.1","1233.1","1233.1","1233.1","1233.1"
"1978:Q3","1199.1","1199.1","1199.1","1199.1","1199.1","1199.1","1199.1","1199.1","1197.8","1197.8","1197.8","1197.8","1197.8","1197.8","1197.8","1197.8","1234.1","1234.1","1234.1","1234.1","1234.1","1234.1","1234.1","1234.1"
"1978:Q4","1212.7","1212.7","1212.7","1212.7","1212.7","1212.7","1212.7","1212.7","1211.3","1211.3","1211.3","1211.3","1211.3","1211.3","1211.3","1211.3","1248.0","1248.0","1248.0","1248.0","1248.0","1248.0","1248.0","1248.0"
"1979:Q1","1211.8","1211.8","1211.8","1211.8","1211.8","1211.8","1211.8","1211.8","1210.4","1210.4","1210.4","1210.4","1210.4","1210.4","1210.4","1210.4","1247.1","1247.1","1247.1","1247.1","1247.1","1247.1","1247.1","1247.1"
"1979:Q2","1201.7","1201.7","1201.7","1201.7","1201.7","1201.7","1201.7","1201.7","1200.2","1200.2","1200.2","1200.2","1200.2","1200.2","1200.2","1200.2","1236.6","1236.6","1236.6","1236.6","1236.6","1236.6","1236.6","1236.6"
"1979:Q3","1221.7","1221.7","1221.7","1221.7","1221.7","1221.7","1221.7","1221.7","1220.1","1220.1","1220.1","1220.1","1220.1","1220.1","1220.1","1220.1","1257.1","1257.1","1257.1","1257.1","1257.1","1257.1","1257.1","1257.1"
"1979:Q4","1216.7","1216.7","1216.7","1216.7","1216.7","1216.7","1216.7","1216.7","1215.0","1215.0","1215.0","1215.0","1215.0","1215.0","1215.0","1215.0","1251.8","1251.8","1251.8","1251.8","1251.8","1251.8","1251.8","1251.8"
"1980:Q1","1210.6","1210.6","1210.6","1210.6","1210.6","1210.6","1210.6","1210.6","1208.8","1208.8","1208.8","1208.8","1208.8","1208.8","1208.8","1208.8","1245.5","1245.5","1245.5","1245.5","1245.5","1245.5","1245.5","1245.5"
"1980:Q2","1160.8","1160.8","1160.8","1160.8","1160.8","1160.8","1160.8","1160.8","1159.0","1159.0","1159.0","1159.0","1159.0","1159.0","1159.0","1159.0","1194.2","1194.2","1194.2","1194.2","1194.2","1194.2","1194.2","1194.2"
"1980:Q3","1172.7","1172.7","1172.7","1172.7","1172.7","1172.7","1172.7","1172.7","1170.9","1170.9","1170.9","1170.9","1170.9","1170.9","1170.9","1170.9","1206.4","1206.4","1206.4","1206.4","1206.4","1206.4","1206.4","1206.4"
"1980:Q4","1186.0","1186.0","1186.0","1186.0","1186.0","1186.0","1186.0","1186.0","1184.2","1184.2","1184.2","1184.2","1184.2","1184.2","1184.2","1184.2","1220.1","1220.1","1220.1","1220.1","1220.1","1220.1","1220.1","1220.1"
"1981:Q1","1203.0","1203.0","1203.0","1203.0","1203.0","1203.0","1203.0","1203.0","1201.2","1201.2","1201.2","1201.2","1201.2","1201.2","1201.2","1201.2","1237.7","1237.7","1237.7","1237.7","1237.7","1237.7","1237.7","1237.7"
"1981:Q2","1193.4","1193.4","1193.4","1193.4","1193.4","1193.4","1193.4","1193.4","1191.6","1191.6","1191.6","1191.6","1191.6","1191.6","1191.6","1191.6","1227.8","1227.8","1227.8","1227.8","1227.8","1227.8","1227.8","1227.8"
"1981:Q3","1205.4","1205.4","1205.4","1205.4","1205.4","1205.4","1205.4","1205.4","1203.7","1203.7","1203.7","1203.7","1203.7","1203.7","1203.7","1203.7","1240.2","1240.2","1240.2","1240.2","1240.2","1240.2","1240.2","1240.2"
"1981:Q4","1183.8","1183.8","1183.8","1183.8","1183.8","1183.8","1183.8","1183.8","1182.2","1182.2","1182.2","1182.2","1182.2","1182.2","1182.2","1182.2","1218.0","1218.0","1218.0","1218.0","1218.0","1218.0","1218.0","1218.0"
"1982:Q1","1195.7","1195.7","1195.7","1195.7","1195.7","1195.7","1195.7","1195.7","1194.0","1194.0","1194.0","1194.0","1194.0","1194.0","1194.0","1194.0","1230.2","1230.2","1230.2","1230.2","1230.2","1230.2","1230.2","1230.2"
"1982:Q2","1195.3","1195.3","1195.3","1195.3","1195.3","1195.3","1195.3","1195.3","1193.7","1193.7","1193.7","1193.7","1193.7","1193.7","1193.7","1193.7","1229.9","1229.9","1229.9","1229.9","1229.9","1229.9","1229.9","1229.9"
"1982:Q3","1201.7","1201.7","1201.7","1201.7","1201.7","1201.7","1201.7","1201.7","1200.1","1200.1","1200.1","1200.1","1200.1","1200.1","1200.1","1200.1","1236.5","1236.5","1236.5","1236.5","1236.5","1236.5","1236.5","1236.5"
"1982:Q4","1225.8","1225.8","1225.8","1225.8","1225.8","1225.8","1225.8","1225.8","1224.3","1224.3","1224.3","1224.3","1224.3","1224.3","1224.3","1224.3","1261.4","1261.4","1261.4","1261.4","1261.4","1261.4","1261.4","1261.4"
"1983:Q1","1232.2","1232.2","1232.2","1232.2","1232.2","1232.2","1232.2","1232.2","1230.7","1230.7","1230.7","1230.7","1230.7","1230.7","1230.7","1230.7","1268.0","1268.0","1268.0","1268.0","1268.0","1268.0","1268.0","1268.0"
"1983:Q2","1268.4","1268.4","1268.4","1268.4","1268.4","1268.4","1268.4","1268.4","1267.0","1267.0","1267.0","1267.0","1267.0","1267.0","1267.0","1267.0","1305.4","1305.4","1305.4","1305.4","1305.4","1305.4","1305.4","1305.4"
"1983:Q3","1296.6","1296.6","1296.6","1296.6","1296.6","1296.6","1296.6","1296.6","1295.1","1295.1","1295.1","1295.1","1295.1","1295.1","1295.1","1295.1","1334.3","1334.3","1334.3","1334.3","1334.3","1334.3","1334.3","1334.3"
"1983:Q4","1327.2","1327.2","1327.2","1327.2","1327.2","1327.2","1327.2","1327.2","1325.6","1325.6","1325.6","1325.6","1325.6","1325.6","1325.6","1325.6","1365.7","1365.7","1365.7","1365.7","1365.7","1365.7","1365.7","1365.7"
"1984:Q1","1345.3","1345.3","1345.3","1345.3","1345.3","1345.3","1345.3","1345.3","1343.5","1343.5","1343.5","1343.5","1343.5","1343.5","1343.5","1343.5","1384.2","1384.2","1384.2","1384.2","1384.2","1384.2","1384.2","1384.2"
"1984:Q2","1375.3","1375.3","1375.3","1375.3","1375.3","1375.3","1375.3","1375.3","1373.5","1373.5","1373.5","1373.5","1373.5","1373.5","1373.5","1373.5","1415.1","1415.1","1415.1","1415.1","1415.1","1415.1","1415.1","1415.1"
"1984:Q3","1376.2","1376.2","1376.2","1376.2","1376.2","1376.2","1376.2","1376.2","1374.3","1374.3","1374.3","1374.3","1374.3","1374.3","1374.3","1374.3","1416.0","1416.0","1416.0","1416.0","1416.0","1416.0","1416.0","1416.0"
"1984:Q4","1397.7","1397.7","1397.7","1397.7","1397.7","1397.7","1397.7","1397.7","1395.8","1395.8","1395.8","1395.8","1395.8","1395.8","1395.8","1395.8","1438.1","1438.1","1438.1","1438.1","1438.1","1438.1","1438.1","1438.1"
"1985:Q1","1419.2","1419.2","1419.2","1419.2","1419.2","1419.2","1419.2","1419.2","1417.3","1417.3","1417.3","1417.3","1417.3","1417.3","1417.3","1417.3","1460.3","1460.3","1460.3","1460.3","1460.3","1460.3","1460.3","1460.3"
"1985:Q2","1432.2","1432.2","1432.2","1432.2","1432.2","1432.2","1432.2","1432.2","1430.3","1430.3","1430.3","1430.3","1430.3","1430.3","1430.3","1430.3","1473.7","1473.7","1473.7","1473.7","1473.7","1473.7","1473.7","1473.7"
"1985:Q3","1470.4","1470.4","1470.4","1470.4","1470.4","1470.4","1470.4","1470.4","1468.4","1468.4","1468.4","1468.4","1468.4","1468.4","1468.4","1468.4","1512.9","1512.9","1512.9","1512.9","1512.9","1512.9","1512.9","1512.9"
"1985:Q4","1461.7","1461.7","1461.7","1461.7","1461.7","1461.7","1461.7","1461.7","1459.6","1459.6","1459.6","1459.6","1459.6","1459.6","1459.6","1459.6","1503.9","1503.9","1503.9","1503.9","1503.9","1503.9","1503.9","1503.9"
"1986:Q1","1483.9","1483.9","1483.9","1483.9","1483.9","1483.9","1483.9","1483.9","1481.8","1481.8","1481.8","1481.8","1481.8","1481.8","1481.8","1481.8","1526.8","1526.8","1526.8","1526.8","1526.8","1526.8","1526.8","1526.8"
"1986:Q2","1510.3","1510.3","1510.3","1510.3","1510.3","1510.3","1510.3","1510.3","1508.2","1508.2","1508.2","1508.2","1508.2","1508.2","1508.2","1508.2","1553.9","1553.9","1553.9","1553.9","1553.9","1553.9","1553.9","1553.9"
"1986:Q3","1557.1","1557.1","1557.1","1557.1","1557.1","1557.1","1557.1","1557.1","1554.9","1554.9","1554.9","1554.9","1554.9","1554.9","1554.9","1554.9","1602.0","1602.0","1602.0","1602.0","1602.0","1602.0","1602.0","1602.0"
"1986:Q4","1556.1","1556.1","1556.1","1556.1","1556.1","1556.1","1556.1","1556.1","1553.9","1553.9","1553.9","1553.9","1553.9","1553.9","1553.9","1553.9","1601.0","1601.0","1601.0","1601.0","1601.0","1601.0","1601.0","1601.0"
"1987:Q1","1524.2","1524.2","1524.2","1524.2","1524.2","1524.2","1524.2","1524.2","1522.1","1522.1","1522.1","1522.1","1522.1","1522.1","1522.1","1522.1","1568.3","1568.3","1568.3","1568.3","1568.3","1568.3","1568.3","1568.3"
"1987:Q2","1553.3","1553.3","1553.3","1553.3","1553.3","1553.3","1553.3","1553.3","1551.3","1551.3","1551.3","1551.3","1551.3","1551.3","1551.3","1551.3","1598.3","1598.3","1598.3","1598.3","1598.3","1598.3","1598.3","1598.3"
"1987:Q3","1576.6","1576.6","1576.6","1576.6","1576.6","1576.6","1576.6","1576.6","1574.6","1574.6","1574.6","1574.6","1574.6","1574.6","1574.6","1574.6","1622.4","1622.4","1622.4","1622.4","1622.4","1622.4","1622.4","1622.4"
"1987:Q4","1562.5","1562.5","1562.5","1562.5","1562.5","1562.5","1562.5","1562.5","1560.5","1560.5","1560.5","1560.5","1560.5","1560.5","1560.5","1560.5","1607.9","1607.9","1607.9","1607.9","1607.9","1607.9","1607.9","1607.9"
"1988:Q1","1599.4","1599.4","1599.4","1599.4","1599.4","1599.4","1599.4","1599.4","1597.4","1597.4","1597.4","1597.4","1597.4","1597.4","1597.4","1597.4","1645.8","1645.8","1645.8","1645.8","1645.8","1645.8","1645.8","1645.8"
"1988:Q2","1607.8","1607.8","1607.8","1607.8","1607.8","1607.8","1607.8","1607.8","1605.7","1605.7","1605.7","1605.7","1605.7","1605.7","1605.7","1605.7","1654.3","1654.3","1654.3","1654.3","1654.3","1654.3","1654.3","1654.3"
"1988:Q3","1607.5","1607.5","1607.5","1607.5","1607.5","1607.5","1607.5","1607.5","1605.4","1605.4","1605.4","1605.4","1605.4","1605.4","1605.4","1605.4","1654.0","1654.0","1654.0","1654.0","1654.0","1654.0","1654.0","1654.0"
"1988:Q4","1633.0","1633.0","1633.0","1633.0","1633.0","1633.0","1633.0","1633.0","1630.8","1630.8","1630.8","1630.8","1630.8","1630.8","1630.8","1630.8","1680.2","1680.2","1680.2","1680.2","1680.2","1680.2","1680.2","1680.2"
"1989:Q1","1635.2","1635.2","1635.2","1635.2","1635.2","1635.2","1635.2","1635.2","1633.1","1633.1","1633.1","1633.1","1633.1","1633.1","1633.1","1633.1","1682.6","1682.6","1682.6","1682.6","1682.6","1682.6","1682.6","1682.6"
"1989:Q2","1644.4","1644.4","1644.4","1644.4","1644.4","1644.4","1644.4","1644.4","1642.3","1642.3","1642.3","1642.3","1642.3","1642.3","1642.3","1642.3","1692.1","1692.1","1692.1","1692.1","1692.1","1692.1","1692.1","1692.1"
"1989:Q3","1668.1","1668.1","1668.1","1668.1","1668.1","1668.1","1668.1","1668.1","1665.9","1665.9","1665.9","1665.9","1665.9","1665.9","1665.9","1665.9","1716.4","1716.4","1716.4","1716.4","1716.4","1716.4","1716.4","1716.4"
"1989:Q4","1662.7","1662.7","1662.7","1662.7","1662.7","1662.7","1662.7","1662.7","1660.4","1660.4","1660.4","1660.4","1660.4","1660.4","1660.4","1660.4","1710.8","1710.8","1710.8","1710.8","1710.8","1710.8","1710.8","1710.8"
"1990:Q1","1685.2","1685.2","1685.2","1685.2","1685.2","1685.2","1685.2","1685.2","1682.7","1682.7","1682.7","1682.7","1682.7","1682.7","1682.7","1682.7","1733.7","1733.7","1733.7","1733.7","1733.7","1733.7","1733.7","1733.7"
"1990:Q2","1667.2","1667.2","1667.2","1667.2","1667.2","1667.2","1667.2","1667.2","1664.6","1664.6","1664.6","1664.6","1664.6","1664.6","1664.6","1664.6","1715.1","1715.1","1715.1","1715.1","1715.1","1715.1","1715.1","1715.1"
"1990:Q3","1663.3","1663.3","1663.3","1663.3","1663.3","1663.3","1663.3","1663.3","1660.7","1660.7","1660.7","1660.7","1660.7","1660.7","1660.7","1660.7","1711.1","1711.1","1711.1","1711.1","1711.1","1711.1","1711.1","1711.1"
"1990:Q4","1637.0","1637.0","1637.0","1637.0","1637.0","1637.0","1637.0","1637.0","1634.6","1634.6","1634.6","1634.6","1634.6","1634.6","1634.6","1634.6","1684.1","1684.1","1684.1","1684.1","1684.1","1684.1","1684.1","1684.1"
"1991:Q1","1622.9","1622.9","1622.9","1622.9","1622.9","1622.9","1622.9","1622.9","1620.5","1620.5","1620.5","1620.5","1620.5","1620.5","1620.5","1620.5","1669.7","1669.7","1669.7","1669.7","1669.7","1669.7","1669.7","1669.7"
"1991:Q2","1631.9","1631.9","1631.9","1631.9","1631.9","1631.9","1631.9","1631.9","1629.6","1629.6","1629.6","1629.6","1629.6","1629.6","1629.6","1629.6","1679.0","1679.0","1679.0","1679.0","1679.0","1679.0","1679.0","1679.0"
"1991:Q3","1641.6","1641.6","1641.6","1641.6","1641.6","1641.6","1641.6","1641.6","1639.4","1639.4","1639.4","1639.4","1639.4","1639.4","1639.4","1639.4","1689.1","1689.1","1689.1","1689.1","1689.1","1689.1","1689.1","1689.1"
"1991:Q4","1623.4","1623.4","1623.4","1623.4","1623.4","1623.4","1623.4","1623.4","1621.3","1621.3","1621.3","1621.3","1621.3","1621.3","1621.3","1621.3","1670.4","1670.4","1670.4","1670.4","1670.4","1670.4","1670.4","1670.4"
"1992:Q1","1660.2","1660.2","1660.2","1660.2","1660.2","1660.2","1660.2","1660.2","1658.0","1658.0","1658.0","1658.0","1658.0","1658.0","1658.0","1658.0","1708.2","1708.2","1708.2","1708.2","1708.2","1708.2","1708.2","1708.2"
"1992:Q2","1668.7","1668.7","1668.7","1668.7","1668.7","1668.7","1668.7","1668.7","1666.4","1666.4","1666.4","1666.4","1666.4","1666.4","1666.4","1666.4","1716.9","1716.9","1716.9","1716.9","1716.9","1716.9","1716.9","1716.9"
"1992:Q3","1686.9","1686.9","1686.9","1686.9","1686.9","1686.9","1686.9","1686.9","1684.6","1684.6","1684.6","1684.6","1684.6","1684.6","1684.6","1684.6","1735.7","1735.7","1735.7","1735.7","1735.7","1735.7","1735.7","1735.7"
"1992:Q4","1709.3","1709.3","1709.3","1709.3","1709.3","1709.3","1709.3","1709.3","1707.0","1707.0","1707.0","1707.0","1707.0","1707.0","1707.0","1707.0","1758.7","1758.7","1758.7","1758.7","1758.7","1758.7","1758.7","1758.7"
"1993:Q1","1715.9","1715.9","1715.9","1715.9","1715.9","1715.9","1715.9","1715.9","1713.6","1713.6","1713.6","1713.6","1713.6","1713.6","1713.6","1713.6","1765.5","1765.5","1765.5","1765.5","1765.5","1765.5","1765.5","1765.5"
"1993:Q2","1743.4","1743.4","1743.4","1743.4","1743.4","1743.4","1743.4","1743.4","1741.0","1741.0","1741.0","1741.0","1741.0","1741.0","1741.0","1741.0","1793.8","1793.8","1793.8","1793.8","1793.8","1793.8","1793.8","1793.8"
"1993:Q3","1761.4","1761.4","1761.4","1761.4","1761.4","1761.4","1761.4","1761.4","1759.0","1759.0","1759.0","1759.0","1759.0","1759.0","1759.0","1759.0","1812.3","1812.3","1812.3","1812.3","1812.3","1812.3","1812.3","1812.3"
"1993:Q4","1783.8","1783.8","1783.8","1783.8","1783.8","1783.8","1783.8","1783.8","1781.4","1781.4","1781.4","1781.4","1781.4","1781.4","1781.4","1781.4","1835.4","1835.4","1835.4","1835.4","1835.4","1835.4","1835.4","1835.4"
"1994:Q1","1814.0","1814.0","1814.0","1814.0","1814.0","1814.0","1814.0","1814.0","1811.6","1811.6","1811.6","1811.6","1811.6","1811.6","1811.6","1811.6","1866.5","1866.5","1866.5","1866.5","1866.5","1866.5","1866.5","1866.5"
"1994:Q2","1830.1","1830.1","1830.1","1830.1","1830.1","1830.1","1830.1","1830.1","1827.7","1827.7","1827.7","1827.7","1827.7","1827.7","1827.7","1827.7","1883.1","1883.1","1883.1","1883.1","1883.1","1883.1","1883.1","1883.1"
"1994:Q3","1847.1","1847.1","1847.1","1847.1","1847.1","1847.1","1847.1","1847.1","1844.7","1844.7","1844.7","1844.7","1844.7","1844.7","1844.7","1844.7","1900.6","1900.6","1900.6","1900.6","1900.6","1900.6","1900.6","1900.6"
"1994:Q4","1882.4","1882.4","1882.4","1882.4","1882.4","1882.4","1882.4","1882.4","1880.0","1880.0","1880.0","1880.0","1880.0","1880.0","1880.0","1880.0","1937.0","1937.0","1937.0","1937.0","1937.0","1937.0","1937.0","1937.0"
"1995:Q1","1873.2","1873.2","1873.2","1873.2","1873.2","1873.2","1873.2","1873.2","1870.6","1870.6","1870.6","1870.6","1870.6","1870.6","1870.6","1870.6","1927.3","1927.3","1927.3","1927.3","1927.3","1927.3","1927.3","1927.3"
"1995:Q2","1885.8","1885.8","1885.8","1885.8","1885.8","1885.8","1885.8","1885.8","1883.2","1883.2","1883.2","1883.2","1883.2","1883.2","1883.2","1883.2","1940.3","1940.3","1940.3","1940.3","1940.3","1940.3","1940.3","1940.3"
"1995:Q3","1908.7","1908.7","1908.7","1908.7","1908.7","1908.7","1908.7","1908.7","1906.0","1906.0","1906.0","1906.0","1906.0","1906.0","1906.0","1906.0","1963.8","1963.8","1963.8","1963.8","1963.8","1963.8","1963.8","1963.8"
"1995:Q4","1926.7","1926.7","1926.7","1926.7","1926.7","1926.7","1926.7","1926.7","1924.0","1924.0","1924.0","1924.0","1924.0","1924.0","1924.0","1924.0","1982.3","1982.3","1982.3","1982.3","1982.3","1982.3","1982.3","1982.3"
"1996:Q1","1942.1","1942.1","1942.1","1942.1","1942.1","1942.1","1942.1","1942.1","1939.5","1939.5","1939.5","1939.5","1939.5","1939.5","1939.5","1939.5","1998.2","1998.2","1998.2","1998.2","1998.2","1998.2","1998.2","1998.2"
"1996:Q2","1980.0","1980.0","1980.0","1980.0","1980.0","1980.0","1980.0","1980.0","1977.3","1977.3","1977.3","1977.3","1977.3","1977.3","1977.3","1977.3","2037.2","2037.2","2037.2","2037.2","2037.2","2037.2","2037.2","2037.2"
"1996:Q3","1994.1","1994.1","1994.1","1994.1","1994.1","1994.1","1994.1","1994.1","1991.3","1991.3","1991.3","1991.3","1991.3","1991.3","1991.3","1991.3","2051.7","2051.7","2051.7","2051.7","2051.7","2051.7","2051.7","2051.7"
"1996:Q4","2018.3","2018.3","2018.3","2018.3","2018.3","2018.3","2018.3","2018.3","2015.5","2015.5","2015.5","2015.5","2015.5","2015.5","2015.5","2015.5","2076.6","2076.6","2076.6","2076.6","2076.6","2076.6","2076.6","2076.6"
"1997:Q1","2045.5","2045.5","2045.5","2045.5","2045.5","2045.5","2045.5","2045.5","2042.7","2042.7","2042.7","2042.7","2042.7","2042.7","2042.7","2042.7","2104.5","2104.5","2104.5","2104.5","2104.5","2104.5","2104.5","2104.5"
"1997:Q2","2043.9","2043.9","2043.9","2043.9","2043.9","2043.9","2043.9","2043.9","2041.1","2041.1","2041.1","2041.1","2041.1","2041.1","2041.1","2041.1","2103.0","2103.0","2103.0","2103.0","2103.0","2103.0","2103.0","2103.0"
"1997:Q3","2097.4","2097.4","2097.4","2097.4","2097.4","2097.4","2097.4","2097.4","2094.5","2094.5","2094.5","2094.5","2094.5","2094.5","2094.5","2094.5","2157.9","2157.9","2157.9","2157.9","2157.9","2157.9","2157.9","2157.9"
"1997:Q4","2126.0","2126.0","2126.0","2126.0","2126.0","2126.0","2126.0","2126.0","2123.1","2123.1","2123.1","2123.1","2123.1","2123.1","2123.1","2123.1","2187.4","2187.4","2187.4","2187.4","2187.4","2187.4","2187.4","2187.4"
"1998:Q1","2142.5","2142.5","2142.5","2142.5","2142.5","2142.5","2142.5","2142.5","2139.6","2139.6","2139.6","2139.6","2139.6","2139.6","2139.6","2139.6","2203.9","2203.9","2203.9","2203.9","2203.9","2203.9","2203.9","2203.9"
"1998:Q2","2198.9","2198.9","2198.9","2198.9","2198.9","2198.9","2198.9","2198.9","2195.8","2195.8","2195.8","2195.8","2195.8","2195.8","2195.8","2195.8","2261.1","2261.1","2261.1","2261.1","2261.1","2261.1","2261.1","2261.1"
"1998:Q3","2232.4","2232.4","2232.4","2232.4","2232.4","2232.4","2232.4","2232.4","2229.3","2229.3","2229.3","2229.3","2229.3","2229.3","2229.3","2229.3","2294.9","2294.9","2294.9","2294.9","2294.9","2294.9","2294.9","2294.9"
"1998:Q4","2300.6","2300.6","2300.6","2300.6","2300.6","2300.6","2300.6","2300.6","2297.4","2297.4","2297.4","2297.4","2297.4","2297.4","2297.4","2297.4","2364.6","2364.6","2364.6","2364.6","2364.6","2364.6","2364.6","2364.6"
"1999:Q1","2329.1","2329.1","2329.1","2329.1","2329.1","2329.1","2329.1","2329.1","2325.9","2325.9","2325.9","2325.9","2325.9","2325.9","2325.9","2325.9","2393.6","2393.6","2393.6","2393.6","2393.6","2393.6","2393.6","2393.6"
"1999:Q2","2384.2","2384.2","2384.2","2384.2","2384.2","2384.2","2384.2","2384.2","2381.0","2381.0","2381.0","2381.0","2381.0","2381.0","2381.0","2381.0","2449.8","2449.8","2449.8","2449.8","2449.8","2449.8","2449.8","2449.8"
"1999:Q3","2412.9","2412.9","2412.9","2412.9","2412.9","2412.9","2412.9","2412.9","2409.6","2409.6","2409.6","2409.6","2409.6","2409.6","2409.6","2409.6","2478.8","2478.8","2478.8","2478.8","2478.8","2478.8","2478.8","2478.8"
"1999:Q4","2454.9","2454.9","2454.9","2454.9","2454.9","2454.9","2454.9","2454.9","2451.5","2451.5","2451.5","2451.5","2451.5","2451.5","2451.5","2451.5","2521.3","2521.3","2521.3","2521.3","2521.3","2521.3","2521.3","2521.3"
"2000:Q1","2492.4","2492.4","2492.4","2492.4","2492.4","2492.4","2492.4","2492.4","2489.0","2489.0","2489.0","2489.0","2489.0","2489.0","2489.0","2489.0","2559.1","2559.1","2559.1","2559.1","2559.1","2559.1","2559.1","2559.1"
"2000:Q2","2506.1","2506.1","2506.1","2506.1","2506.1","2506.1","2506.1","2506.1","2502.6","2502.6","2502.6","2502.6","2502.6","2502.6","2502.6","2502.6","2572.6","2572.6","2572.6","2572.6","2572.6","2572.6","2572.6","2572.6"
"2000:Q3","2532.8","2532.8","2532.8","2532.8","2532.8","2532.8","2532.8","2532.8","2529.3","2529.3","2529.3","2529.3","2529.3","2529.3","2529.3","2529.3","2599.4","2599.4","2599.4","2599.4","2599.4","2599.4","2599.4","2599.4"
"2000:Q4","2555.4","2555.4","2555.4","2555.4","2555.4","2555.4","2555.4","2555.4","2551.9","2551.9","2551.9","2551.9","2551.9","2551.9","2551.9","2551.9","2621.9","2621.9","2621.9","2621.9","2621.9","2621.9","2621.9","2621.9"
"2001:Q1","2562.1","2562.1","2562.1","2562.1","2562.1","2562.1","2562.1","2562.1","2558.6","2558.6","2558.6","2558.6","2558.6","2558.6","2558.6","2558.6","2628.0","2628.0","2628.0","2628.0","2628.0","2628.0","2628.0","2628.0"
"2001:Q2","2569.5","2569.5","2569.5","2569.5","2569.5","2569.5","2569.5","2569.5","2565.9","2565.9","2565.9","2565.9","2565.9","2565.9","2565.9","2565.9","2635.1","2635.1","2635.1","2635.1","2635.1","2635.1","2635.1","2635.1"
"2001:Q3","2588.8","2588.8","2588.8","2588.8","2588.8","2588.8","2588.8","2588.8","2585.2","2585.2","2585.2","2585.2","2585.2","2585.2","2585.2","2585.2","2653.9","2653.9","2653.9","2653.9","2653.9","2653.9","2653.9","2653.9"
"2001:Q4","2683.1","2683.1","2683.1","2683.1","2683.1","2683.1","2683.1","2683.1","2679.4","2679.4","2679.4","2679.4","2679.4","2679.4","2679.4","2679.4","2749.5","2749.5","2749.5","2749.5","2749.5","2749.5","2749.5","2749.5"
"2002:Q1","2677.8","2677.8","2677.8","2677.8","2677.8","2677.8","2677.8","2677.8","2674.1","2674.1","2674.1","2674.1","2674.1","2674.1","2674.1","2674.1","2742.6","2742.6","2742.6","2742.6","2742.6","2742.6","2742.6","2742.6"
"2002:Q2","2690.6","2690.6","2690.6","2690.6","2690.6","2690.6","2690.6","2690.6","2686.8","2686.8","2686.8","2686.8","2686.8","2686.8","2686.8","2686.8","2753.6","2753.6","2753.6","2753.6","2753.6","2753.6","2753.6","2753.6"
"2002:Q3","2725.1","2725.1","2725.1","2725.1","2725.1","2725.1","2725.1","2725.1","2721.4","2721.4","2721.4","2721.4","2721.4","2721.4","2721.4","2721.4","2788.3","2788.3","2788.3","2788.3","2788.3","2788.3","2788.3","2788.3"
"2002:Q4","2732.8","2732.8","2732.8","2732.8","2732.8","2732.8","2732.8","2732.8","2729.1","2729.1","2729.1","2729.1","2729.1","2729.1","2729.1","2729.1","2796.2","2796.2","2796.2","2796.2","2796.2","2796.2","2796.2","2796.2"
"2003:Q1","2752.4","2752.4","2752.4","2752.4","2752.4","2752.4","2752.4","2752.4","2747.5","2747.5","2747.5","2747.5","2747.5","2747.5","2747.5","2747.5","2811.7","2811.7","2811.7","2811.7","2811.7","2811.7","2811.7","2811.7"
"2003:Q2","2800.0","2800.0","2800.0","2800.0","2800.0","2800.0","2800.0","2800.0","2798.2","2798.2","2798.2","2798.2","2798.2","2798.2","2798.2","2798.2","2872.2","2872.2","2872.2","2872.2","2872.2","2872.2","2872.2","2872.2"
"2003:Q3","2876.4","2876.4","2876.4","2876.4","2876.4","2876.4","2876.4","2876.4","2872.7","2872.7","2872.7","2872.7","2872.7","2872.7","2872.7","2872.7","2953.5","2953.5","2953.5","2953.5","2953.5","2953.5","2953.5","2953.5"
"2003:Q4","2890.6","2890.6","2890.6","2890.6","2890.6","2890.6","2890.6","2890.6","2890.4","2890.4","2890.4","2890.4","2890.4","2890.4","2890.4","2890.4","2980.4","2980.4","2980.4","2980.4","2980.4","2980.4","2980.4","2980.4"
"2004:Q1","2919.4","2919.4","2919.4","2919.4","2919.4","2919.4","2919.4","2919.4","2920.6","2920.6","2920.6","2920.6","2920.6","2920.6","2920.6","2920.6","3012.8","3012.8","3012.8","3012.8","3012.8","3012.8","3012.8","3012.8"
"2004:Q2","2931.8","2931.8","2931.8","2931.8","2931.8","2931.8","2931.8","2931.8","2927.1","2927.1","2927.1","2927.1","2927.1","2927.1","2927.1","2927.1","3029.5","3029.5","3029.5","3029.5","3029.5","3029.5","3029.5","3029.5"
"2004:Q3","2966.4","2966.4","2966.4","2966.4","2966.4","2966.4","2966.4","2966.4","2963.0","2963.0","2963.0","2963.0","2963.0","2963.0","2963.0","2963.0","3066.0","3066.0","3066.0","3066.0","3066.0","3066.0","3066.0","3066.0"
"2004:Q4","3003.6","3003.6","3003.6","3003.6","3003.6","3003.6","3003.6","3003.6","3002.4","3002.4","3002.4","3002.4","3002.4","3002.4","3002.4","3002.4","3099.4","3099.4","3099.4","3099.4","3099.4","3099.4","3099.4","3099.4"
"2005:Q1","3032.6","3032.6","3032.6","3032.6","3032.6","3032.6","3032.6","3032.6","3035.4","3035.4","3035.4","3035.4","3035.4","3035.4","3035.4","3035.4","3136.5","3136.5","3136.5","3136.5","3136.5","3136.5","3136.5","3136.5"
"2005:Q2","3075.1","3075.1","3075.1","3075.1","3075.1","3075.1","3075.1","3075.1","3077.2","3077.2","3077.2","3077.2","3077.2","3077.2","3077.2","3077.2","3177.8","3177.8","3177.8","3177.8","3177.8","3177.8","3177.8","3177.8"
"2005:Q3","3098.4","3098.4","3098.4","3098.4","3098.4","3098.4","3098.4","3098.4","3100.9","3100.9","3100.9","3100.9","3100.9","3100.9","3100.9","3100.9","3195.5","3195.5","3195.5","3195.5","3195.5","3195.5","3195.5","3195.5"
"2005:Q4","3089.5","3089.5","3089.5","3089.5","3089.5","3089.5","3089.5","3089.5","3093.4","3093.4","3093.4","3093.4","3093.4","3093.4","3093.4","3093.4","3198.8","3198.8","3198.8","3198.8","3198.8","3198.8","3198.8","3198.8"
"2006:Q1","3145.7","3145.7","3145.7","3145.7","3145.7","3145.7","3145.7","3145.7","3146.8","3146.8","3146.8","3146.8","3146.8","3146.8","3146.8","3146.8","3262.2","3262.2","3262.2","3262.2","3262.2","3262.2","3262.2","3262.2"
"2006:Q2","3150.8","3150.8","3150.8","3150.8","3150.8","3150.8","3150.8","3150.8","3157.7","3157.7","3157.7","3157.7","3157.7","3157.7","3157.7","3157.7","3267.8","3267.8","3267.8","3267.8","3267.8","3267.8","3267.8","3267.8"
"2006:Q3","3176.4","3176.4","3176.4","3176.4","3176.4","3176.4","3176.4","3176.4","3184.5","3184.5","3184.5","3184.5","3184.5","3184.5","3184.5","3184.5","3294.5","3294.5","3294.5","3294.5","3294.5","3294.5","3294.5","3294.5"
"2006:Q4","3222.5","3222.5","3222.5","3222.5","3222.5","3222.5","3222.5","3222.5","3226.7","3226.7","3226.7","3226.7","3226.7","3226.7","3226.7","3226.7","3345.6","3345.6","3345.6","3345.6","3345.6","3345.6","3345.6","3345.6"
"2007:Q1","3253.9","3253.9","3253.9","3253.9","3241.1","3241.1","3241.1","3241.1","3247.6","3247.6","3247.6","3247.6","3247.6","3247.6","3247.6","3247.6","3363.5","3363.5","3363.5","3363.5","3363.5","3363.5","3363.5","3363.5"
"2007:Q2","3255.4","3255.4","3255.4","3255.4","3252.4","3252.4","3252.4","3252.4","3263.0","3263.0","3263.0","3263.0","3263.0","3263.0","3263.0","3263.0","3376.3","3376.3","3376.3","3376.3","3376.3","3376.3","3376.3","3376.3"
"2007:Q3","3280.6","3280.6","3280.6","3280.6","3271.9","3271.9","3271.9","3271.9","3287.3","3287.3","3287.3","3287.3","3287.3","3287.3","3287.3","3287.3","3392.3","3392.3","3392.3","3392.3","3392.3","3392.3","3392.3","3392.3"
"2007:Q4","3304.8","3304.8","3304.8","3304.8","3281.0","3281.0","3281.0","3281.0","3295.8","3295.8","3295.8","3295.8","3295.8","3295.8","3295.8","3295.8","3394.9","3394.9","3394.9","3394.9","3394.9","3394.9","3394.9","3394.9"
"2008:Q1","3262.1","3262.1","3262.1","3262.1","3232.6","3232.6","3232.6","3232.6","3249.0","3249.0","3249.0","3249.0","3249.0","3249.0","3249.0","3249.0","3348.7","3348.7","3348.7","3348.7","3348.7","3348.7","3348.7","3348.7"
"2008:Q2","3257.8","3257.8","3257.8","3257.8","3235.2","3235.2","3235.2","3235.2","3252.7","3252.7","3252.7","3252.7","3252.7","3252.7","3252.7","3252.7","3360.4","3360.4","3360.4","3360.4","3360.4","3360.4","3360.4","3360.4"
"2008:Q3","3193.6","3193.6","3193.6","3193.6","3171.4","3171.4","3171.4","3171.4","3187.9","3187.9","3187.9","3187.9","3187.9","3187.9","3187.9","3187.9","3296.6","3296.6","3296.6","3296.6","3296.6","3296.6","3296.6","3296.6"
"2008:Q4","3110.4","3110.4","3110.4","3110.4","3082.3","3082.3","3082.3","3082.3","3082.0","3082.0","3082.0","3082.0","3082.0","3082.0","3082.0","3082.0","3185.5","3185.5","3185.5","3185.5","3185.5","3185.5","3185.5","3185.5"
"2009:Q1","3129.8","3129.8","3129.8","3129.8","3095.7","3095.7","3095.7","3095.7","3082.6","3082.6","3082.6","3082.6","3083.2","3083.2","3083.2","3083.2","3188.8","3188.8","3188.8","3188.8","3188.8","3188.8","3188.8","3188.8"
"2009:Q2","3097.9","3105.4","3105.4","3105.4","3084.0","3084.0","3084.0","3084.0","3064.3","3064.3","3064.3","3064.3","3067.0","3067.0","3067.0","3067.0","3166.9","3166.9","3166.9","3166.9","3166.9","3166.9","3166.9","3166.9"
"2009:Q3","#N/A","3166.3","3159.6","3159.6","3138.2","3138.2","3138.2","3138.2","3120.7","3120.7","3120.7","3120.7","3123.1","3123.1","3123.1","3123.1","3222.9","3222.9","3222.9","3222.9","3222.9","3222.9","3222.9","3222.9"
"2009:Q4","#N/A","#N/A","3180.0","3181.9","3151.8","3151.8","3151.8","3151.8","3124.6","3124.6","3124.6","3124.6","3119.5","3119.5","3119.5","3119.5","3215.2","3215.2","3215.2","3215.2","3215.2","3215.2","3215.2","3215.2"
"2010:Q1","#N/A","#N/A","#N/A","3229.9","3195.4","3195.4","3195.4","3195.4","3173.3","3173.3","3173.3","3173.3","3159.5","3159.5","3159.5","3159.5","3247.0","3247.0","3247.0","3247.0","3247.0","3247.0","3247.0","3247.0"
"2010:Q2","#N/A","#N/A","#N/A","#N/A","3222.4","3222.6","3222.6","3222.6","3202.9","3202.9","3202.9","3202.9","3185.4","3185.4","3185.4","3185.4","3288.0","3288.0","3288.0","3288.0","3288.0","3288.0","3288.0","3288.0"
"2010:Q3","#N/A","#N/A","#N/A","#N/A","#N/A","3245.0","3255.2","3255.2","3240.8","3240.8","3240.8","3240.8","3215.1","3215.1","3215.1","3215.1","3319.1","3319.1","3319.1","3319.1","3319.1","3319.1","3319.1","3319.1"
"2010:Q4","#N/A","#N/A","#N/A","#N/A","#N/A","#N/A","3334.1","3328.4","3306.0","3306.0","3306.0","3306.0","3276.5","3276.5","3276.5","3276.5","3380.5","3380.5","3380.5","3380.5","3380.5","3380.5","3380.5","3380.5"
"2011:Q1","#N/A","#N/A","#N/A","#N/A","#N/A","#N/A","#N/A","3367.2","3344.4","3344.4","3344.4","3344.4","3320.3","3320.3","3320.3","3320.3","3402.8","3402.8","3402.8","3402.8","3404.9","3404.9","3404.9","3404.9"
"2011:Q2","#N/A","#N/A","#N/A","#N/A","#N/A","#N/A","#N/A","#N/A","3333.1","3331.2","3331.2","3331.2","3312.2","3312.2","3312.2","3312.2","3404.6","3404.6","3404.6","3404.6","3398.2","3398.2","3398.2","3398.2"
"2011:Q3","#N/A","#N/A","#N/A","#N/A","#N/A","#N/A","#N/A","#N/A","#N/A","3343.1","3342.7","3342.7","3323.5","3323.5","3323.5","3323.5","3415.2","3415.2","3415.2","3415.2","3405.5","3405.5","3405.5","3405.5"
"2011:Q4","#N/A","#N/A","#N/A","#N/A","#N/A","#N/A","#N/A","#N/A","#N/A","#N/A","3389.2","3387.2","3367.9","3367.9","3367.9","3367.9","3457.0","3457.0","3457.0","3457.0","3438.5","3438.5","3438.5","3438.5"
"2012:Q1","#N/A","#N/A","#N/A","#N/A","#N/A","#N/A","#N/A","#N/A","#N/A","#N/A","#N/A","3438.5","3406.6","3406.6","3406.6","3406.6","3495.8","3495.8","3495.8","3495.8","3478.0","3478.0","3478.0","3478.0"
"2012:Q2","#N/A","#N/A","#N/A","#N/A","#N/A","#N/A","#N/A","#N/A","#N/A","#N/A","#N/A","#N/A","3412.8","3409.4","3409.4","3409.4","3514.7","3514.7","3514.7","3514.7","3489.0","3489.0","3489.0","3489.0"
"2012:Q3","#N/A","#N/A","#N/A","#N/A","#N/A","#N/A","#N/A","#N/A","#N/A","#N/A","#N/A","#N/A","#N/A","3445.9","3439.7","3439.7","3546.7","3546.7","3546.7","3546.7","3516.9","3516.9","3516.9","3516.9"
"2012:Q4","#N/A","#N/A","#N/A","#N/A","#N/A","#N/A","#N/A","#N/A","#N/A","#N/A","#N/A","#N/A","#N/A","#N/A","3478.4","3476.1","3579.2","3579.2","3579.2","3579.2","3542.3","3542.3","3542.3","3542.3"
"2013:Q1","#N/A","#N/A","#N/A","#N/A","#N/A","#N/A","#N/A","#N/A","#N/A","#N/A","#N/A","#N/A","#N/A","#N/A","#N/A","3504.2","3611.9","3611.9","3611.9","3611.9","3593.7","3593.7","3593.7","3593.7"
"2013:Q2","#N/A","#N/A","#N/A","#N/A","#N/A","#N/A","#N/A","#N/A","#N/A","#N/A","#N/A","#N/A","#N/A","#N/A","#N/A","#N/A","3642.6","3639.6","3639.6","3639.6","3605.2","3605.2","3605.2","3605.2"
"2013:Q3","#N/A","#N/A","#N/A","#N/A","#N/A","#N/A","#N/A","#N/A","#N/A","#N/A","#N/A","#N/A","#N/A","#N/A","#N/A","#N/A","#N/A","3678.4","3680.0","3680.0","3636.1","3636.1","3636.1","3636.1"
"2013:Q4","#N/A","#N/A","#N/A","#N/A","#N/A","#N/A","#N/A","#N/A","#N/A","#N/A","#N/A","#N/A","#N/A","#N/A","#N/A","#N/A","#N/A","#N/A","3724.5","3706.1","3669.0","3669.0","3669.0","3669.0"
"2014:Q1","#N/A","#N/A","#N/A","#N/A","#N/A","#N/A","#N/A","#N/A","#N/A","#N/A","#N/A","#N/A","#N/A","#N/A","#N/A","#N/A","#N/A","#N/A","#N/A","3709.4","3678.3","3678.3","3678.3","3678.3"
"2014:Q2","#N/A","#N/A","#N/A","#N/A","#N/A","#N/A","#N/A","#N/A","#N/A","#N/A","#N/A","#N/A","#N/A","#N/A","#N/A","#N/A","#N/A","#N/A","#N/A","#N/A","3733.7","3731.6","3731.6","3731.6"
"2014:Q3","#N/A","#N/A","#N/A","#N/A","#N/A","#N/A","#N/A","#N/A","#N/A","#N/A","#N/A","#N/A","#N/A","#N/A","#N/A","#N/A","#N/A","#N/A","#N/A","#N/A","#N/A","3760.1","3774.5","3774.5"
"2014:Q4","#N/A","#N/A","#N/A","#N/A","#N/A","#N/A","#N/A","#N/A","#N/A","#N/A","#N/A","#N/A","#N/A","#N/A","#N/A","#N/A","#N/A","#N/A","#N/A","#N/A","#N/A","#N/A","3824.3","3819.0"
"2015:Q1","#N/A","#N/A","#N/A","#N/A","#N/A","#N/A","#N/A","#N/A","#N/A","#N/A","#N/A","#N/A","#N/A","#N/A","#N/A","#N/A","#N/A","#N/A","#N/A","#N/A","#N/A","#N/A","#N/A","3821.0"
